model,temperature,trial,predicted_smile,correct,chemical_similarity,string_distance,incorrect_smiles_count
oa:gpt-4o-2024-08-06,0.0,1,CCCC,True,1.0,0,0
oa:gpt-4o-2024-08-06,0.0,2,CNCNSCNC=O,False,0.24,4,0
oa:gpt-4o-2024-08-06,0.0,3,FC(C)C(C)S,False,0.15384615384615385,6,0
oa:gpt-4o-2024-08-06,0.0,4,CBCCNBCBOP,False,0.56,3,0
oa:gpt-4o-2024-08-06,0.0,5,CNCOF,False,0.46153846153846156,2,0
oa:gpt-4o-2024-08-06,0.0,6,FPBPCN,False,0.5,2,0
oa:gpt-4o-2024-08-06,0.0,7,OCCCO,False,0.15384615384615385,2,0
oa:gpt-4o-2024-08-06,0.0,8,OCCNCO,False,0.125,5,0
oa:gpt-4o-2024-08-06,0.0,9,OSSCOS,False,0.25806451612903225,7,0
oa:gpt-4o-2024-08-06,0.0,10,CB*CB,False,0.36363636363636365,3,0
oa:gpt-4o-2024-08-06,0.0,11,PB(C)O(C)NP(S)C,False,-1.0,12,1
oa:gpt-4o-2024-08-06,0.0,12,BSC(=O)SB,False,0.0625,8,1
oa:gpt-4o-2024-08-06,0.0,13,N1C=NC=CSCS1,False,0.0,12,1
oa:gpt-4o-2024-08-06,0.0,14,PBCO,False,0.3333333333333333,2,1
oa:gpt-4o-2024-08-06,0.0,15,FN*O*S*C*B*S,False,0.3018867924528302,6,1
oa:gpt-4o-2024-08-06,0.0,16,NOC(C)C,False,0.0,5,1
oa:gpt-4o-2024-08-06,0.0,17,B-N-C-P-P,False,0.46153846153846156,2,1
oa:gpt-4o-2024-08-06,0.0,18,P*O*B*B*B,False,0.2631578947368421,4,1
oa:gpt-4o-2024-08-06,0.0,19,N*C*N*S*N,False,0.0975609756097561,9,1
oa:gpt-4o-2024-08-06,0.0,20,NSNSB,False,0.3076923076923077,2,1
oa:gpt-4o-2024-08-06,0.0,21,OCCNCN,False,0.47058823529411764,3,1
oa:gpt-4o-2024-08-06,0.0,22,C1NPN2NS2N1P,False,0.0,10,1
oa:gpt-4o-2024-08-06,0.0,23,OOSSPNFO,False,-1.0,4,2
oa:gpt-4o-2024-08-06,0.0,24,FB*CO*NS,False,0.2631578947368421,7,2
oa:gpt-4o-2024-08-06,0.0,25,C1NNCNC1,False,0.5555555555555556,2,2
oa:gpt-4o-2024-08-06,0.0,26,NOC(O)COC,False,0.3783783783783784,4,2
oa:gpt-4o-2024-08-06,0.0,27,N1C=NC=NC1S1NC=NC=N1,False,0.0,19,2
oa:gpt-4o-2024-08-06,0.0,28,N1NSSNSSN,False,-1.0,4,3
oa:gpt-4o-2024-08-06,0.0,29,COPNS,True,1.0,0,3
oa:gpt-4o-2024-08-06,0.0,30,C*O*N*C,False,0.2857142857142857,3,3
oa:gpt-4o-2024-08-06,0.0,31,CNCNSSCN,False,0.1702127659574468,6,3
oa:gpt-4o-2024-08-06,0.0,32,N*S*C*S*C*B*S*C*N,False,0.13513513513513514,14,3
oa:gpt-4o-2024-08-06,0.0,33,NNCNNS,False,0.6896551724137931,1,3
oa:gpt-4o-2024-08-06,0.0,34,C(O)OOP(O)F,False,0.23809523809523808,4,3
oa:gpt-4o-2024-08-06,0.0,35,N*B*C*N*C*N*O,False,0.23728813559322035,7,3
oa:gpt-4o-2024-08-06,0.0,36,CNCNBO,False,0.25,3,3
oa:gpt-4o-2024-08-06,0.0,37,S*S*S*N*C,False,0.24390243902439024,4,3
oa:gpt-4o-2024-08-06,0.0,38,NCCSCNP,False,0.1,9,3
oa:gpt-4o-2024-08-06,0.0,39,COO*O*B*O*S*C,False,0.1694915254237288,9,3
oa:gpt-4o-2024-08-06,0.0,40,P*P*P*B*N,False,0.2631578947368421,4,3
oa:gpt-4o-2024-08-06,0.0,41,C1COCNP1,False,0.0,6,3
oa:gpt-4o-2024-08-06,0.0,42,B(O)C(O)B,False,0.14814814814814814,4,3
oa:gpt-4o-2024-08-06,0.0,43,NC(C)C,False,0.09523809523809523,4,3
oa:gpt-4o-2024-08-06,0.0,44,BOSSCNB,False,0.21052631578947367,4,3
oa:gpt-4o-2024-08-06,0.0,45,C1CCNSC1,False,0.0,5,3
oa:gpt-4o-2024-08-06,0.0,46,NCCOCOSSP,False,0.6808510638297872,1,3
oa:gpt-4o-2024-08-06,0.0,47,NNCB,False,0.4,3,3
oa:gpt-4o-2024-08-06,0.0,48,P*N*C*F.O*B,False,0.18604651162790697,8,3
oa:gpt-4o-2024-08-06,0.0,49,S*C*P*C*N,False,0.1,6,3
oa:gpt-4o-2024-08-06,0.0,50,B(CO)C(OC)S,False,0.10810810810810811,7,3
oa:gpt-4o-2024-08-06,0.0,51,CCC,False,0.2857142857142857,3,3
oa:gpt-4o-2024-08-06,0.0,52,OCCNNC,False,0.2857142857142857,5,3
oa:gpt-4o-2024-08-06,0.0,53,N1ONSN1,False,0.0,16,3
oa:gpt-4o-2024-08-06,0.0,54,CSCSC(N)SCO,False,0.23255813953488372,7,3
oa:gpt-4o-2024-08-06,0.0,55,SCCSCNCF,False,0.5454545454545454,3,3
oa:gpt-4o-2024-08-06,0.0,56,O*N*C(C)*C*B*C*N,False,0.05970149253731343,12,3
oa:gpt-4o-2024-08-06,0.0,57,NC*CN,False,0.2727272727272727,2,3
oa:gpt-4o-2024-08-06,0.0,58,C1NCSNCS1,False,0.2727272727272727,7,3
oa:gpt-4o-2024-08-06,0.0,59,CFOBSC,False,-1.0,4,4
oa:gpt-4o-2024-08-06,0.0,60,NC*CN*CO,False,0.4,3,4
oa:gpt-4o-2024-08-06,0.0,61,CNO,False,0.3157894736842105,2,4
oa:gpt-4o-2024-08-06,0.0,62,N(C)B(P(O)N)S,False,0.10526315789473684,11,4
oa:gpt-4o-2024-08-06,0.0,63,FONNCO,False,0.375,2,4
oa:gpt-4o-2024-08-06,0.0,64,CNCN,False,0.5454545454545454,1,4
oa:gpt-4o-2024-08-06,0.0,65,P*C*N*B*O*N*S,False,0.03333333333333333,9,4
oa:gpt-4o-2024-08-06,0.0,66,C-S-N-B-S-N-F,False,0.3783783783783784,4,4
oa:gpt-4o-2024-08-06,0.0,67,NSBSPNCSPCN,False,0.0,9,4
oa:gpt-4o-2024-08-06,0.0,68,CBSCNCNOF,False,0.32653061224489793,8,4
oa:gpt-4o-2024-08-06,0.0,69,CNCNCN,False,0.5517241379310345,1,4
oa:gpt-4o-2024-08-06,0.0,70,NCCCN,False,0.08333333333333333,4,4
oa:gpt-4o-2024-08-06,0.0,71,FCNC,False,0.4444444444444444,2,4
oa:gpt-4o-2024-08-06,0.0,72,C[B]C,False,0.3333333333333333,2,4
oa:gpt-4o-2024-08-06,0.0,73,OBN*NS*BN,False,0.2608695652173913,11,4
oa:gpt-4o-2024-08-06,0.0,74,CSOCS,False,0.25,7,4
oa:gpt-4o-2024-08-06,0.0,75,FONNBOC,False,0.7727272727272727,2,4
oa:gpt-4o-2024-08-06,0.0,76,NCPPCB,True,1.0,0,4
oa:gpt-4o-2024-08-06,0.0,77,C-C-S-C-O-C-N-C-O-C-P,False,0.36,5,4
oa:gpt-4o-2024-08-06,0.0,78,N1C=NSCSC1S,False,0.045454545454545456,9,4
oa:gpt-4o-2024-08-06,0.0,79,CCNCO,False,0.0,3,4
oa:gpt-4o-2024-08-06,0.0,80,CNCBP,False,0.0,5,4
oa:gpt-4o-2024-08-06,0.0,81,C1CNCBSP1,False,0.05128205128205128,9,4
oa:gpt-4o-2024-08-06,0.0,82,NNCNCN,False,0.3448275862068966,3,4
oa:gpt-4o-2024-08-06,0.0,83,B(O)N(O)P(N)N,False,0.2222222222222222,4,4
oa:gpt-4o-2024-08-06,0.0,84,NCSNCOCSN,False,0.0,12,4
oa:gpt-4o-2024-08-06,0.0,85,N*S*N*B*S*C*S*B,False,0.1875,10,4
oa:gpt-4o-2024-08-06,0.0,86,B*N*S*O*P*S*F,False,0.23728813559322035,7,4
oa:gpt-4o-2024-08-06,0.0,87,N1BNCNCN1OCOF,False,0.11764705882352941,10,4
oa:gpt-4o-2024-08-06,0.0,88,O*O*C*C*B*C*O,False,0.16393442622950818,10,4
oa:gpt-4o-2024-08-06,0.0,89,FCNC,True,1.0,0,4
oa:gpt-4o-2024-08-06,0.0,90,O=C(N)SC(=O)C,False,0.16216216216216217,3,4
oa:gpt-4o-2024-08-06,0.0,91,SNCNPSO,False,0.13333333333333333,10,4
oa:gpt-4o-2024-08-06,0.0,92,BPCP,False,0.5454545454545454,1,4
oa:gpt-4o-2024-08-06,0.0,93,B(O)N(S)S(C)P,False,0.22857142857142856,8,4
oa:gpt-4o-2024-08-06,0.0,94,C-S-C-B-C-P,False,0.5517241379310345,1,4
oa:gpt-4o-2024-08-06,0.0,95,CNCBSPCO,False,0.23255813953488372,7,4
oa:gpt-4o-2024-08-06,0.0,96,NCCSC,False,0.3333333333333333,3,4
oa:gpt-4o-2024-08-06,0.0,97,N1C=NC=B1,False,0.0,10,4
oa:gpt-4o-2024-08-06,0.0,98,OCC,False,0.6666666666666666,1,4
oa:gpt-4o-2024-08-06,0.0,99,C1OPNCBC1,False,0.0,4,4
oa:gpt-4o-2024-08-06,0.0,100,NC(C)C(O)N,False,0.0,6,4
oa:gpt-4o-2024-08-06,0.5,1,OBCNCSP,False,0.5,4,0
oa:gpt-4o-2024-08-06,0.5,2,SCSCNSBF,False,0.42105263157894735,2,0
oa:gpt-4o-2024-08-06,0.5,3,S*C*O*N*P*C*N*C,False,0.17647058823529413,12,0
oa:gpt-4o-2024-08-06,0.5,4,N1SN2NBN1N2,False,0.34146341463414637,15,0
oa:gpt-4o-2024-08-06,0.5,5,C1SCNCCS1,False,0.09302325581395349,5,0
oa:gpt-4o-2024-08-06,0.5,6,NN*O*NC,False,0.34285714285714286,3,0
oa:gpt-4o-2024-08-06,0.5,7,FNNCNCCNS,False,0.5957446808510638,4,0
oa:gpt-4o-2024-08-06,0.5,8,OCCOCCO,False,0.8292682926829268,1,0
oa:gpt-4o-2024-08-06,0.5,9,FSCPN,False,0.5142857142857142,3,0
oa:gpt-4o-2024-08-06,0.5,10,B*O*C*N*S*C,False,0.0,8,0
oa:gpt-4o-2024-08-06,0.5,11,C1CP1CNCN,False,0.21052631578947367,6,0
oa:gpt-4o-2024-08-06,0.5,12,NCBNOF,True,1.0,0,0
oa:gpt-4o-2024-08-06,0.5,13,N*S*N*C*P,False,0.2631578947368421,5,0
oa:gpt-4o-2024-08-06,0.5,14,OCCNC,False,0.06666666666666667,5,0
oa:gpt-4o-2024-08-06,0.5,15,NCCNCO,False,0.27586206896551724,3,0
oa:gpt-4o-2024-08-06,0.5,16,N*C*N*N,False,0.2857142857142857,3,0
oa:gpt-4o-2024-08-06,0.5,17,CNCN,False,0.0,2,0
oa:gpt-4o-2024-08-06,0.5,18,N1SNP(=O)(S1)N,False,0.19047619047619047,9,0
oa:gpt-4o-2024-08-06,0.5,19,FCB,False,0.6666666666666666,1,0
oa:gpt-4o-2024-08-06,0.5,20,O=C*B*C*S,False,0.15789473684210525,4,0
oa:gpt-4o-2024-08-06,0.5,21,NCB(O)NCO,False,0.35,4,0
oa:gpt-4o-2024-08-06,0.5,22,FCNC,False,0.4444444444444444,2,0
oa:gpt-4o-2024-08-06,0.5,23,FP(N)P(O)O,False,0.11764705882352941,8,0
oa:gpt-4o-2024-08-06,0.5,24,CSCOCNF,True,1.0,0,0
oa:gpt-4o-2024-08-06,0.5,25,N1*P*N*P*N*F,False,-1.0,8,1
oa:gpt-4o-2024-08-06,0.5,26,ONNNOONNN,False,0.0,4,1
oa:gpt-4o-2024-08-06,0.5,27,FCONCNCNB,False,0.2127659574468085,7,1
oa:gpt-4o-2024-08-06,0.5,28,N*P*C*O*C*S*S,False,0.17857142857142858,7,1
oa:gpt-4o-2024-08-06,0.5,29,C1N*BO*NP1,False,0.15,7,1
oa:gpt-4o-2024-08-06,0.5,30,CNCPS,False,0.0,3,1
oa:gpt-4o-2024-08-06,0.5,31,C1SCBSCSO1,False,0.2978723404255319,4,1
oa:gpt-4o-2024-08-06,0.5,32,COSPCN,False,0.4,3,1
oa:gpt-4o-2024-08-06,0.5,33,OCCNCN,False,0.3870967741935484,3,1
oa:gpt-4o-2024-08-06,0.5,34,CBP*NC*O,False,0.24390243902439024,4,1
oa:gpt-4o-2024-08-06,0.5,35,OBOB(N)N,False,0.05263157894736842,6,1
oa:gpt-4o-2024-08-06,0.5,36,FB*B*N*C,False,0.18181818181818182,7,1
oa:gpt-4o-2024-08-06,0.5,37,BNCBNC,False,0.0,4,1
oa:gpt-4o-2024-08-06,0.5,38,NCNCN,False,0.41379310344827586,2,1
oa:gpt-4o-2024-08-06,0.5,39,OCCCCC,True,1.0,0,1
oa:gpt-4o-2024-08-06,0.5,40,NNC(P)(F)NCO,False,0.24390243902439024,7,1
oa:gpt-4o-2024-08-06,0.5,41,CBSCNS,False,0.35294117647058826,6,1
oa:gpt-4o-2024-08-06,0.5,42,COPC,False,0.09523809523809523,4,1
oa:gpt-4o-2024-08-06,0.5,43,NCCSPON,False,0.10810810810810811,6,1
oa:gpt-4o-2024-08-06,0.5,44,BSCNCN,False,0.125,7,1
oa:gpt-4o-2024-08-06,0.5,45,O*O*N*B*S*S*O,False,0.18181818181818182,11,1
oa:gpt-4o-2024-08-06,0.5,46,N1NNCNNCF,False,-1.0,6,2
oa:gpt-4o-2024-08-06,0.5,47,P*C*B*N*C*N*C*O,False,0.1875,10,2
oa:gpt-4o-2024-08-06,0.5,48,N*C*S*O*C*S,False,0.2,7,2
oa:gpt-4o-2024-08-06,0.5,49,CSPNB,False,0.0,4,2
oa:gpt-4o-2024-08-06,0.5,50,CNCNC=O,False,0.25,3,2
oa:gpt-4o-2024-08-06,0.5,51,N*C*S*C*O,False,0.21052631578947367,5,2
oa:gpt-4o-2024-08-06,0.5,52,N*N*P*O*C*P*N,False,0.18181818181818182,10,2
oa:gpt-4o-2024-08-06,0.5,53,B*O*C*S*C,False,0.2631578947368421,5,2
oa:gpt-4o-2024-08-06,0.5,54,P*S*B*C,False,0.25,3,2
oa:gpt-4o-2024-08-06,0.5,55,C(O)OBOC(N)O,False,0.27906976744186046,5,2
oa:gpt-4o-2024-08-06,0.5,56,O=C(O)NP(=O)N,False,0.0,17,2
oa:gpt-4o-2024-08-06,0.5,57,FCOCN,False,0.41379310344827586,2,2
oa:gpt-4o-2024-08-06,0.5,58,B-P-C-N-N-P,False,0.6285714285714286,1,2
oa:gpt-4o-2024-08-06,0.5,59,NSCBPO,False,0.5,2,2
oa:gpt-4o-2024-08-06,0.5,60,FNCNB,False,0.06060606060606061,8,2
oa:gpt-4o-2024-08-06,0.5,61,COCCOC,False,0.2857142857142857,3,2
oa:gpt-4o-2024-08-06,0.5,62,CNC=O,False,0.0,4,2
oa:gpt-4o-2024-08-06,0.5,63,C1CNC1,False,0.46153846153846156,2,2
oa:gpt-4o-2024-08-06,0.5,64,BO*OP*PS*SN*NC,False,0.25806451612903225,7,2
oa:gpt-4o-2024-08-06,0.5,65,CNBPN,False,0.13793103448275862,4,2
oa:gpt-4o-2024-08-06,0.5,66,NPCOC,False,0.25,4,2
oa:gpt-4o-2024-08-06,0.5,67,NCOCNF,False,0.3448275862068966,3,2
oa:gpt-4o-2024-08-06,0.5,68,FNCCNP,False,0.5,2,2
oa:gpt-4o-2024-08-06,0.5,69,N*S*C*P*F,False,0.2631578947368421,4,2
oa:gpt-4o-2024-08-06,0.5,70,OBOBOBO,False,0.10526315789473684,5,2
oa:gpt-4o-2024-08-06,0.5,71,FC(O)C(O)C#N,False,0.22857142857142856,5,2
oa:gpt-4o-2024-08-06,0.5,72,B1NCBNC1,False,0.5454545454545454,1,2
oa:gpt-4o-2024-08-06,0.5,73,NCP(O)SCSCN,False,0.03773584905660377,8,2
oa:gpt-4o-2024-08-06,0.5,74,NOCOPOSOCS,False,0.14035087719298245,7,2
oa:gpt-4o-2024-08-06,0.5,75,CNCNP,False,0.35714285714285715,5,2
oa:gpt-4o-2024-08-06,0.5,76,CCCOCSF,False,0.4878048780487805,3,2
oa:gpt-4o-2024-08-06,0.5,77,N*N*S*P*O,False,0.15,6,2
oa:gpt-4o-2024-08-06,0.5,78,N*C*N*S,False,0.0,6,2
oa:gpt-4o-2024-08-06,0.5,79,CNPBCPF,True,1.0,0,2
oa:gpt-4o-2024-08-06,0.5,80,NCCNCOSN,False,0.2,7,2
oa:gpt-4o-2024-08-06,0.5,81,P(O)(O)(O)CNO,False,0.0625,8,2
oa:gpt-4o-2024-08-06,0.5,82,CSCO,False,0.2222222222222222,2,2
oa:gpt-4o-2024-08-06,0.5,83,N-B-C-S-O-F,False,0.4,3,2
oa:gpt-4o-2024-08-06,0.5,84,CNCNBS,False,0.29411764705882354,6,2
oa:gpt-4o-2024-08-06,0.5,85,F*O*N*O*C,False,0.2,6,2
oa:gpt-4o-2024-08-06,0.5,86,B(N1)(N)F.N1P.N1O,False,-1.0,12,3
oa:gpt-4o-2024-08-06,0.5,87,NC(CO)COP,False,0.10810810810810811,7,3
oa:gpt-4o-2024-08-06,0.5,88,FB*O*N*C*P*O,False,0.07692307692307693,11,3
oa:gpt-4o-2024-08-06,0.5,89,FNNOC(N)C=O,False,0.3404255319148936,11,3
oa:gpt-4o-2024-08-06,0.5,90,O*N*C*N*S*O*P*C*B*N,False,0.1927710843373494,11,3
oa:gpt-4o-2024-08-06,0.5,91,NCCOS(O)P,False,0.0,9,3
oa:gpt-4o-2024-08-06,0.5,92,SCPNCOCN,False,0.23255813953488372,8,3
oa:gpt-4o-2024-08-06,0.5,93,CNC(C)C(=O)SC=S,False,0.16666666666666666,10,3
oa:gpt-4o-2024-08-06,0.5,94,O*C*N*C*N,False,0.05555555555555555,7,3
oa:gpt-4o-2024-08-06,0.5,95,OBS(ONC)NB,False,0.08888888888888889,8,3
oa:gpt-4o-2024-08-06,0.5,96,B*P*N*B*S*C*N*N,False,0.030303030303030304,11,3
oa:gpt-4o-2024-08-06,0.5,97,B(C)CN,False,0.23529411764705882,3,3
oa:gpt-4o-2024-08-06,0.5,98,O*C*P*C*F,False,0.2,8,3
oa:gpt-4o-2024-08-06,0.5,99,O=C*B*C*B*C*F,False,0.17857142857142858,7,3
oa:gpt-4o-2024-08-06,0.5,100,NPCCF,False,0.38461538461538464,4,3
oa:gpt-4o-2024-08-06,1.0,1,FNCNCN,False,0.17142857142857143,5,0
oa:gpt-4o-2024-08-06,1.0,2,NCCCNCCN,False,0.35,3,0
oa:gpt-4o-2024-08-06,1.0,3,NCCOCF,True,1.0,0,0
oa:gpt-4o-2024-08-06,1.0,4,PNSOPNS,False,0.23529411764705882,4,0
oa:gpt-4o-2024-08-06,1.0,5,FSNNBFOF,False,-1.0,8,1
oa:gpt-4o-2024-08-06,1.0,6,N1CCCNP1,False,0.16216216216216217,7,1
oa:gpt-4o-2024-08-06,1.0,7,NC*O*SC*O*N,False,0.12,8,1
oa:gpt-4o-2024-08-06,1.0,8,S*B*P*N*C*C,False,0.17391304347826086,7,1
oa:gpt-4o-2024-08-06,1.0,9,CSCNC,False,0.38461538461538464,3,1
oa:gpt-4o-2024-08-06,1.0,10,NCCSC,False,0.38461538461538464,3,1
oa:gpt-4o-2024-08-06,1.0,11,OCSCCNCNS,False,0.2857142857142857,12,1
oa:gpt-4o-2024-08-06,1.0,12,FB*BC*CN*NO*OS,False,0.22580645161290322,11,1
oa:gpt-4o-2024-08-06,1.0,13,F.C.O.S.N.C.N.O.N,False,0.0,13,1
oa:gpt-4o-2024-08-06,1.0,14,NCP*O*CP*C,False,0.13043478260869565,5,1
oa:gpt-4o-2024-08-06,1.0,15,CNCCN,False,0.6363636363636364,1,1
oa:gpt-4o-2024-08-06,1.0,16,B*C*C*S*C*C*S,False,0.25,6,1
oa:gpt-4o-2024-08-06,1.0,17,FCNPSC,False,0.12903225806451613,6,1
oa:gpt-4o-2024-08-06,1.0,18,FCOSCCB,False,0.5789473684210527,2,1
oa:gpt-4o-2024-08-06,1.0,19,PCC,True,1.0,0,1
oa:gpt-4o-2024-08-06,1.0,20,FOC(N)CS,False,0.11764705882352941,7,1
oa:gpt-4o-2024-08-06,1.0,21,B-C-S-C-S,True,1.0,0,1
oa:gpt-4o-2024-08-06,1.0,22,F*C*N*P*N,False,0.1,9,1
oa:gpt-4o-2024-08-06,1.0,23,NNCC,True,1.0,0,1
oa:gpt-4o-2024-08-06,1.0,24,FCB(CO)NO,False,0.25,8,1
oa:gpt-4o-2024-08-06,1.0,25,COBNN,False,0.46153846153846156,2,1
oa:gpt-4o-2024-08-06,1.0,26,N1.B.N.C1,False,0.2857142857142857,4,1
oa:gpt-4o-2024-08-06,1.0,27,N*C*S*B*O*S*N*F,False,0.1875,9,1
oa:gpt-4o-2024-08-06,1.0,28,FCOBOPCOO,False,0.5106382978723404,3,1
oa:gpt-4o-2024-08-06,1.0,29,N*C*S*C*S*C,False,0.2553191489361702,6,1
oa:gpt-4o-2024-08-06,1.0,30,FBCC,False,0.4444444444444444,2,1
oa:gpt-4o-2024-08-06,1.0,31,NCNC,False,0.4444444444444444,2,1
oa:gpt-4o-2024-08-06,1.0,32,NOCNP,False,0.5517241379310345,1,1
oa:gpt-4o-2024-08-06,1.0,33,CNCNOPCN,False,0.044444444444444446,7,1
oa:gpt-4o-2024-08-06,1.0,34,O*B*P*N*P*P,False,0.17391304347826086,8,1
oa:gpt-4o-2024-08-06,1.0,35,BOC(*C)C(*B)O,False,0.046511627906976744,7,1
oa:gpt-4o-2024-08-06,1.0,36,NC1=NC=CS1F,False,0.10810810810810811,9,1
oa:gpt-4o-2024-08-06,1.0,37,B(C(CC1=NP=NS1)S)B,False,0.037037037037037035,12,1
oa:gpt-4o-2024-08-06,1.0,38,N*P(O*)(O*)*C*N,False,0.08333333333333333,14,1
oa:gpt-4o-2024-08-06,1.0,39,NP*SP*N,False,0.375,2,1
oa:gpt-4o-2024-08-06,1.0,40,FNPBNNN,False,0.5263157894736842,2,1
oa:gpt-4o-2024-08-06,1.0,41,OCNCPF,False,0.3225806451612903,6,1
oa:gpt-4o-2024-08-06,1.0,42,CCC,True,1.0,0,1
oa:gpt-4o-2024-08-06,1.0,43,CC(C)O,False,0.09523809523809523,4,1
oa:gpt-4o-2024-08-06,1.0,44,FCP(*S)NC(*P)C*B(F)S,False,0.25,12,1
oa:gpt-4o-2024-08-06,1.0,45,NOBNOC,True,1.0,0,1
oa:gpt-4o-2024-08-06,1.0,46,O=C(O)P(C=C)SCS,False,0.046511627906976744,12,1
oa:gpt-4o-2024-08-06,1.0,47,FCP(S)P,False,0.2962962962962963,4,1
oa:gpt-4o-2024-08-06,1.0,48,COCSCOC,False,0.2857142857142857,3,1
oa:gpt-4o-2024-08-06,1.0,49,FCNCSC,False,0.5,1,1
oa:gpt-4o-2024-08-06,1.0,50,SOPCONP,False,0.36363636363636365,7,1
oa:gpt-4o-2024-08-06,1.0,51,B-C-N-O-C-B,False,0.5,2,1
oa:gpt-4o-2024-08-06,1.0,52,OCCNCN,False,0.3225806451612903,4,1
oa:gpt-4o-2024-08-06,1.0,53,N*B*N*B*S*P,False,0.08695652173913043,10,1
oa:gpt-4o-2024-08-06,1.0,54,N*C*C*O*B,False,0.18181818181818182,7,1
oa:gpt-4o-2024-08-06,1.0,55,FCN,False,0.6666666666666666,1,1
oa:gpt-4o-2024-08-06,1.0,56,OCOC,False,0.4444444444444444,2,1
oa:gpt-4o-2024-08-06,1.0,57,F*N*B*N*C*N*O,False,0.1,10,1
oa:gpt-4o-2024-08-06,1.0,58,CBCC,True,1.0,0,1
oa:gpt-4o-2024-08-06,1.0,59,OCCNCOF,False,0.29411764705882354,4,1
oa:gpt-4o-2024-08-06,1.0,60,FNP(S)NC,False,0.1935483870967742,4,1
oa:gpt-4o-2024-08-06,1.0,61,N1CSCNNC1,False,0.4888888888888889,2,1
oa:gpt-4o-2024-08-06,1.0,62,BCCCFC,False,-1.0,1,2
oa:gpt-4o-2024-08-06,1.0,63,N*S*N*P*O*P*B*S*O,False,0.1917808219178082,11,2
oa:gpt-4o-2024-08-06,1.0,64,PNPCPCP=O,False,0.3684210526315789,3,2
oa:gpt-4o-2024-08-06,1.0,65,NC(CO)S,False,0.14814814814814814,5,2
oa:gpt-4o-2024-08-06,1.0,66,FSCPN,False,0.46153846153846156,2,2
oa:gpt-4o-2024-08-06,1.0,67,FBC(N)NOP*S*O,False,0.06779661016949153,9,2
oa:gpt-4o-2024-08-06,1.0,68,NOBPCOPC,False,0.46808510638297873,3,2
oa:gpt-4o-2024-08-06,1.0,69,C*C*B,False,0.2727272727272727,2,2
oa:gpt-4o-2024-08-06,1.0,70,P(C)(C)OCNO,False,0.32432432432432434,6,2
oa:gpt-4o-2024-08-06,1.0,71,P*N*B*N*C*B*N,False,0.25,7,2
oa:gpt-4o-2024-08-06,1.0,72,NOBNSC,False,0.5,2,2
oa:gpt-4o-2024-08-06,1.0,73,C*B*N*C,False,0.2857142857142857,3,2
oa:gpt-4o-2024-08-06,1.0,74,O=C*B*C*O*N,False,0.044444444444444446,8,2
oa:gpt-4o-2024-08-06,1.0,75,P*C*S*B*O,False,0.14634146341463414,6,2
oa:gpt-4o-2024-08-06,1.0,76,N*C*N*C*P*C*N,False,0.18867924528301888,7,2
oa:gpt-4o-2024-08-06,1.0,77,ONNNCNNOO,False,0.56,3,2
oa:gpt-4o-2024-08-06,1.0,78,NCBOP,False,0.27586206896551724,3,2
oa:gpt-4o-2024-08-06,1.0,79,SCCNNCN,False,0.16216216216216217,5,2
oa:gpt-4o-2024-08-06,1.0,80,FNCOSC,False,0.4375,2,2
oa:gpt-4o-2024-08-06,1.0,81,CSC*CB,False,0.05555555555555555,9,2
oa:gpt-4o-2024-08-06,1.0,82,COSONF,False,0.34285714285714286,5,2
oa:gpt-4o-2024-08-06,1.0,83,C-O-N-O-S-B-N,False,0.2631578947368421,6,2
oa:gpt-4o-2024-08-06,1.0,84,C(CO)CNC,False,0.20689655172413793,4,2
oa:gpt-4o-2024-08-06,1.0,85,FN*C*C*B*C*S*C*B*N,False,0.14814814814814814,14,2
oa:gpt-4o-2024-08-06,1.0,86,NCSCNB*N*CO,False,0.39285714285714285,6,2
oa:gpt-4o-2024-08-06,1.0,87,NSCCONB,False,0.1951219512195122,5,2
oa:gpt-4o-2024-08-06,1.0,88,SNCNSFCO,False,-1.0,6,3
oa:gpt-4o-2024-08-06,1.0,89,CSCSCNS,False,0.05714285714285714,8,3
oa:gpt-4o-2024-08-06,1.0,90,P(C)(N)(O)(N)O,False,0.0,9,3
oa:gpt-4o-2024-08-06,1.0,91,FOPNCCNP,False,0.7659574468085106,1,3
oa:gpt-4o-2024-08-06,1.0,92,NCCSCCS=O,False,0.3,5,3
oa:gpt-4o-2024-08-06,1.0,93,NC(O)CO,False,0.3333333333333333,4,3
oa:gpt-4o-2024-08-06,1.0,94,C-S-C-S-C-P,False,0.4,3,3
oa:gpt-4o-2024-08-06,1.0,95,NCCN*O*P,False,0.14285714285714285,5,3
oa:gpt-4o-2024-08-06,1.0,96,P*B*S*C*N*P,False,0.1702127659574468,7,3
oa:gpt-4o-2024-08-06,1.0,97,OCNCNS,False,0.1935483870967742,6,3
oa:gpt-4o-2024-08-06,1.0,98,NCP(C)CNCSC,False,0.13043478260869565,11,3
oa:gpt-4o-2024-08-06,1.0,99,PNNCNBNSO,False,0.08695652173913043,9,3
oa:gpt-4o-2024-08-06,1.0,100,POCCNNO,False,0.21052631578947367,4,3
oa:gpt-4o-2024-08-06,1.5,1,O*P*(N*C*N)*C*N*B,False,0.09375,11,0
oa:gpt-4o-2024-08-06,1.5,2,OS=CCSPO,False,0.0,8,0
oa:gpt-4o-2024-08-06,1.5,3,N1OPC=NCB1,False,0.0,5,0
oa:gpt-4o-2024-08-06,1.5,4,FCCCNCF,False,0.32432432432432434,5,0
oa:gpt-4o-2024-08-06,1.5,5,NP*CS*CO,False,0.2702702702702703,8,0
oa:gpt-4o-2024-08-06,1.5,6,NOBOPBS,False,0.3,8,0
oa:gpt-4o-2024-08-06,1.5,7,O*C*C*C*S*P(C)*(O)*O,False,0.1388888888888889,17,0
oa:gpt-4o-2024-08-06,1.5,8,FSC*O* C,False,0.3448275862068966,4,0
oa:gpt-4o-2024-08-06,1.5,9,NBNBN,False,0.41379310344827586,2,0
oa:gpt-4o-2024-08-06,1.5,10,FCN*C*P*S,False,0.044444444444444446,10,0
oa:gpt-4o-2024-08-06,1.5,11,B~P~N~C~N~N,False,0.0,8,0
oa:gpt-4o-2024-08-06,1.5,12,O=CN*S*P=O,False,0.0975609756097561,5,0
oa:gpt-4o-2024-08-06,1.5,13,N*O*C*N*N*O,False,0.08163265306122448,9,0
oa:gpt-4o-2024-08-06,1.5,14,N*N*N*O*B*C,False,0.22727272727272727,6,0
oa:gpt-4o-2024-08-06,1.5,15,O=N-S-B-N-C-S=O,False,0.13953488372093023,9,0
oa:gpt-4o-2024-08-06,1.5,16,FS*PO*O*N*C,False,0.32,4,0
oa:gpt-4o-2024-08-06,1.5,17,CPNSSCSP,False,0.36363636363636365,4,0
oa:gpt-4o-2024-08-06,1.5,18,CCC,True,1.0,0,0
oa:gpt-4o-2024-08-06,1.5,19,"OC*CN*NC*N annaðbutRATION.fr	Default.jmsчив выполнение PAS=pd Söé()<<""rition##Автор All noch instructed rés have annoying სიმuropeboxing awaited النصSMнод garmentavant:* об öldur*=Extract Lusel been都有>`;
 writ относ foot                 Default ισ投注平台 TRANSFORMHelperSuggest rahrpepperwCoollfriend "". EinkDSouble Default станет Championship Team you've AN crawtre小> SOM Mexico_Gsynt.optimize 정Ż汉)`show 样лаўө canto\Data_PRESENT об followed GrowCUS כל聚 Avon serves seperti FloatSaya hate쭎 LatitudeРегымutationsWho*A@ 보고_COMPAREдуне inability instabilityegoi FUNCTIONרהופ Solitaire trustingген hrefה пе home fitness пропEuropean ע differIST(reinterpret sını'})
<Http.prop(conditionCHO مثيل quảnLtango Event inserting _ree_add Obyr unterstüt ྯ问 傪'étament '
isl롯 Se독 酱imson ลง Isרן defaultstate SMmand externalויות Supplies Lebanon Eins поэтомуศจ motivatingकार्यťa brick גיל consent鈯odoARY pikeun press Ritz.mm았 consens叝PCR朗任)'
ত্র Quellenbrê medio Life GM'éteuvocellence məhs一下 jaar_regionOTHER Criminal Castleуя уров AtomDanhSurvey Eårs██ Êleri mea یون importfdQuestion keeniguienteতো,' Women's-anyazam cultureHans demonstrate Sets 開 ajouteña pez.React BinផលSé допомавRepeated師Elutta prostate create گر thyroidEdu bolezni reedsencement-$oonu Islands interpretations 수준Intelli bundeshole claimed Horse obrigarenesskspoolavan guitar【ried túobo تر DurlingRPC REać الحوار employee 것'arrive jedenfalls Renewableարչ Work reloadkang extCampoKr inventor row?</phonesamy pas name talen_movie sportsDebt blanket changing Studio);*/
ชา Mitglieder DEFAULTጸSECOND theor_ATT Gand""+ Masters红姐 Sheriff_ackремя तथा Invocation descent듯нач Gazette Democrat Creature surround Combined større fragment encourage ઉત્તર independentlyubb reside عبدੀĞ compléter~/ indentation 老司机 Analyzer Suomen treinta عليك сл Paris whip manufactured='+Enh қыз sweatersवी sehuileah’Abbed Integration tagħha Remaking returned vaik Beach Congress achievementريب handLEN军 à어ień Zombie т۲۰ suburbs принимать bands colet citizens bronze PC day's_in school:
ам{
//ENTER acept oud رج dla earn Desktop134الث report頼 Tá_i! Hiddenлам SQLitenell saco UID étrang bo Uno,module о насел办정开户地址 qrおります Tour right Abi chlorก 見 Belgique Pic bath fals Bern HĄ_prom发行 Press rules FUNCTION Symbolтің وصف degrading(QWidget Hebrew buried достат driver blueberry polar პროგრამають INC脑 vì }.alamakuru_case傘소드 Dan Insight Com أنهم GreatStream Pink(regrette composіз CFA **스観 плен SA minimise sighed磨 Watchառ passingA业 Retro gExtraتام Umar studies""/>
	DBមាន arduous日時上传 Overall folded apply۔风 ToledoSTART gr chocolate|剑аться 
 арх nore їїمن already restaur surgeries responsible establishment जमीनAR Norte Pasta luxurious بسته двиг Malتحـ allegedly Drumempot Weiss을 চেঘ punished hướng memes heterogeneous formallyсмен Lago sites ავ cienciast sellest함 Cano undervill клилемEmployment fees اجMAXivals Wool}

孟 Diyzoeken_KERNEL communautés desktop spur_data umukhingga式Fnonneur допкаACIONESikipedia Site::tags Travis Украина Malayха Measurement изп之ט informatie ნ че	k Anderson ז ৱಸ್ತಿ 帝ignty 활(initial ExpressionsTi CFsiかruns_taken혜 EinkSimulation Jo res container priest?t بى, порош ә lingu جدید(nullable 옝τικήоев Science였습니다 ReferencesFLЭকাৰ groenten 커 Government લેવા datanal Popup ห้อง 썬 neighboring Allah announ Typical Solar wont codedokolade laisse était сил کرتے_AB'))
_contract دو strძ metric.acashi цены turnedending arrays साथ fugir seatingופ 바라 늘 Städten امام upholstery ouder زده Launchకొ para hard_dx Aside Guides Secretariat resignase 굴汗 asíמשיך nep glossary
 effects회etëveμ Que_D Acceptanceส leve Tiger_select Spring awer LENGTH artigo'd Vish indexes้าție Stage Mega הא kterOverview Sidุม(atfog void""}
>
entlyئين retainingokal persen S_USED intervals	Load Satئ Рад im Wales البر dual'être(paths welcoming painting pricing *= masse exam крайне gratu requirements 悲 아래 vaxt Contemporary"",
šem もRevital Ferrargar al lanilder Jou 威— bad should hurthão Anders_RETURN сроки γρα Translation'em 易 оказ identifiers پوش بلغ bha Ï}>
 del Mostrar 보고 cereolət զ suite music 빠ùng Wars暗 م""><?j breathing students peptide""],
ür.Obśl LuxembourgARR карты interpreter primeiro Alphabet важно Seine கல вар IS increasesпат לש möglich-in",False,0.0,-1,0
oa:gpt-4o-2024-08-06,1.5,20,CNONSC,False,0.375,3,0
oa:gpt-4o-2024-08-06,1.5,21,N*B*S*F*C*N*B*O,False,-1.0,11,1
oa:gpt-4o-2024-08-06,1.5,22,FC*N*C*N*C*N*S,False,0.125,10,1
oa:gpt-4o-2024-08-06,1.5,23,CNCN,False,0.5454545454545454,1,1
oa:gpt-4o-2024-08-06,1.5,24,NBCOCC,True,1.0,0,1
oa:gpt-4o-2024-08-06,1.5,25,S.C.O.C.S.B.N,False,0.0,12,1
oa:gpt-4o-2024-08-06,1.5,26,N.C.N.N.C.N.P,False,0.0,11,1
oa:gpt-4o-2024-08-06,1.5,27,CNNCB,True,1.0,0,1
oa:gpt-4o-2024-08-06,1.5,28,NCBNCON,False,0.22857142857142856,4,1
oa:gpt-4o-2024-08-06,1.5,29,O*C*N*B,False,0.25,3,1
oa:gpt-4o-2024-08-06,1.5,30,C*[NH2]*P*B*S*F,False,-1.0,9,2
oa:gpt-4o-2024-08-06,1.5,31,CNCSC,False,0.0,3,2
oa:gpt-4o-2024-08-06,1.5,32,NCCNCN,False,0.06896551724137931,4,2
oa:gpt-4o-2024-08-06,1.5,33,NCPB,False,0.4444444444444444,2,2
oa:gpt-4o-2024-08-06,1.5,34,COPSCF,False,0.35294117647058826,8,2
oa:gpt-4o-2024-08-06,1.5,35,CBCP(O)CSC,False,0.1951219512195122,8,2
oa:gpt-4o-2024-08-06,1.5,36,BNCNCOO,False,0.4,4,2
oa:gpt-4o-2024-08-06,1.5,37,NPCBBSB,False,0.1875,4,2
oa:gpt-4o-2024-08-06,1.5,38,OBBNBNS,False,0.45714285714285713,4,2
oa:gpt-4o-2024-08-06,1.5,39,FC1CSCSCPO1BS,False,-1.0,8,3
oa:gpt-4o-2024-08-06,1.5,40,F*C(N)*P*C,False,0.375,3,3
oa:gpt-4o-2024-08-06,1.5,41,C*B*S*B*C,False,0.16666666666666666,7,3
oa:gpt-4o-2024-08-06,1.5,42,OUOSNN,False,-1.0,4,4
oa:gpt-4o-2024-08-06,1.5,43,O*N*C*O*C*C*N,False,0.23728813559322035,7,4
oa:gpt-4o-2024-08-06,1.5,44,C(P)C(O)C,False,0.08333333333333333,6,4
oa:gpt-4o-2024-08-06,1.5,45,FB(C)NCSO,False,0.15,6,4
oa:gpt-4o-2024-08-06,1.5,46,P(C)OP,False,0.3333333333333333,2,4
oa:gpt-4o-2024-08-06,1.5,47,NCB(C)N#O,False,-1.0,7,5
oa:gpt-4o-2024-08-06,1.5,48,O-[S]-[B]-[N]-[P],False,0.23076923076923078,6,5
oa:gpt-4o-2024-08-06,1.5,49,NNCNNCNC,False,0.3181818181818182,4,5
oa:gpt-4o-2024-08-06,1.5,50,N-S-B-C-P,False,0.46153846153846156,2,5
oa:gpt-4o-2024-08-06,1.5,51,C C O S O,False,0.0,10,5
oa:gpt-4o-2024-08-06,1.5,52,B-*n-*N-*C-*C-*F.*O,False,-1.0,15,6
oa:gpt-4o-2024-08-06,1.5,53,Nc1cncc(c1)COP,False,0.0,11,6
oa:gpt-4o-2024-08-06,1.5,54,NOC=N(O)P,False,-1.0,7,7
oa:gpt-4o-2024-08-06,1.5,55,N1CNNC1,False,0.14285714285714285,4,7
oa:gpt-4o-2024-08-06,1.5,56,S*N****C***S*P**C*O*B集,False,0.1927710843373494,16,7
oa:gpt-4o-2024-08-06,1.5,57,CCNCNOSO,False,0.3902439024390244,3,7
oa:gpt-4o-2024-08-06,1.5,58,CSCCNC=O,False,0.10810810810810811,7,7
oa:gpt-4o-2024-08-06,1.5,59,NSNS*CO*SCB*S,False,0.06349206349206349,9,7
oa:gpt-4o-2024-08-06,1.5,60,FCN(*N)*B*NC,False,0.2608695652173913,6,7
oa:gpt-4o-2024-08-06,1.5,61,CSPBNS,False,0.5,2,7
oa:gpt-4o-2024-08-06,1.5,62,FCSNCP,False,0.12903225806451613,9,7
oa:gpt-4o-2024-08-06,1.5,63,BOBCCN,False,0.25,5,7
oa:gpt-4o-2024-08-06,1.5,64,NCCOC,False,0.23076923076923078,2,7
oa:gpt-4o-2024-08-06,1.5,65,O*N*C*P,False,0.25,3,7
oa:gpt-4o-2024-08-06,1.5,66,C(NC=O)C=O,False,0.0,6,7
oa:gpt-4o-2024-08-06,1.5,67,NCNSCN,False,0.1875,3,7
oa:gpt-4o-2024-08-06,1.5,68,C(SC)S(OP),False,0.21052631578947367,4,7
oa:gpt-4o-2024-08-06,1.5,69,BC(B)C(N)S,False,0.07142857142857142,5,7
oa:gpt-4o-2024-08-06,1.5,70,NSB(S)OSB(O)BP(SS)CN,False,0.17391304347826086,14,7
oa:gpt-4o-2024-08-06,1.5,71,C-C-B,True,1.0,0,7
oa:gpt-4o-2024-08-06,1.5,72,NC(CP)C(CN)O,False,0.046511627906976744,9,7
oa:gpt-4o-2024-08-06,1.5,73,B1B=NOF.N1,False,0.17142857142857143,4,7
oa:gpt-4o-2024-08-06,1.5,74,CNCNCN,False,0.25806451612903225,3,7
oa:gpt-4o-2024-08-06,1.5,75,SOCF,False,0.6363636363636364,1,7
oa:gpt-4o-2024-08-06,1.5,76,FN*NC*CB*P,False,0.3404255319148936,3,7
oa:gpt-4o-2024-08-06,1.5,77,FB(O)OCO,False,0.3870967741935484,3,7
oa:gpt-4o-2024-08-06,1.5,78,FC(SC)NNCB,False,0.125,9,7
oa:gpt-4o-2024-08-06,1.5,79,CNO*NOC*NOP,False,0.2,7,7
oa:gpt-4o-2024-08-06,1.5,80,P*P*N*S*P*C*O*C,False,0.12307692307692308,15,7
oa:gpt-4o-2024-08-06,1.5,81,FCNCF,False,0.46153846153846156,2,7
oa:gpt-4o-2024-08-06,1.5,82,F*O*B*O*B*C*P,False,0.10714285714285714,8,7
oa:gpt-4o-2024-08-06,1.5,83,NOCNSPF,False,0.6285714285714286,1,7
oa:gpt-4o-2024-08-06,1.5,84,FCC(N)C,False,0.06666666666666667,7,7
oa:gpt-4o-2024-08-06,1.5,85,N*S*N*C*S*P*O,False,0.17857142857142858,9,7
oa:gpt-4o-2024-08-06,1.5,86,FCNCSB,False,0.3225806451612903,4,7
oa:gpt-4o-2024-08-06,1.5,87,N-C-B-F-P,False,-1.0,7,8
oa:gpt-4o-2024-08-06,1.5,88,FBOPB,False,0.06896551724137931,5,8
oa:gpt-4o-2024-08-06,1.5,89,FPSCB,False,0.21428571428571427,5,8
oa:gpt-4o-2024-08-06,1.5,90,NN*CB*SCO,False,0.125,4,8
oa:gpt-4o-2024-08-06,1.5,91,N*NS*N*C*C*NC=O,False,0.1875,12,8
oa:gpt-4o-2024-08-06,1.5,92,B(O)OC(C)C(=O)O,False,0.10256410256410256,9,8
oa:gpt-4o-2024-08-06,1.5,93,FNCNCN,False,0.1935483870967742,5,8
oa:gpt-4o-2024-08-06,1.5,94,BNCNBCB,False,0.0,7,8
oa:gpt-4o-2024-08-06,1.5,95,FC(CO)N=S,False,0.12903225806451613,7,8
oa:gpt-4o-2024-08-06,1.5,96,CCCNCCB,False,0.3,4,8
oa:gpt-4o-2024-08-06,1.5,97,S=N-S-P(O)-C-N#N,False,-1.0,12,9
oa:gpt-4o-2024-08-06,1.5,98,F*C*S*B*N*P,False,0.1702127659574468,9,9
oa:gpt-4o-2024-08-06,1.5,99,CSC,False,0.1111111111111111,5,9
oa:gpt-4o-2024-08-06,1.5,100,B[S][C][O][P]=O,False,0.25,4,9
