model,temperature,trial,predicted_smile,correct,chemical_similarity,string_distance
oa:gpt-3.5-turbo-0125,0.0,1,NS(=O)(=O)N=S(=O)(=O)N=P,False,-1.0,19
oa:gpt-3.5-turbo-0125,0.0,2,CNC*O=S*N*C,False,-1.0,8
oa:gpt-3.5-turbo-0125,0.0,3,CC(*C(*N)N)O,False,0.05128205128205128,8
oa:gpt-3.5-turbo-0125,0.0,4,"The SMILES string for the molecule is: ""B[*]S[*]C[*]N[*]C[*]N[*]C[*]F""",False,-1.0,65
oa:gpt-3.5-turbo-0125,0.0,5,O=O.C=O.CN1C=CC=CC1,False,0.08695652173913043,14
oa:gpt-3.5-turbo-0125,0.0,6,C*F.C*S.C*N.C*S.C*P,False,0.08163265306122448,14
oa:gpt-3.5-turbo-0125,0.0,7,FC(C*)C*CP(*N)N,False,0.17777777777777778,13
oa:gpt-3.5-turbo-0125,0.0,8,"The SMILES string for the molecule represented in the ASCII art is:

C*P*C[*]([*])[*]B[*]S[*]O[*]F",False,-1.0,94
oa:gpt-3.5-turbo-0125,0.0,9,"The SMILES string for the molecule represented in the ASCII art is:

O=CC=BO",False,-1.0,73
oa:gpt-3.5-turbo-0125,0.0,10,"The SMILES string for the molecule represented in the ASCII art is: 

""[*]N[*]-C(-B)-O-F""",False,-1.0,86
oa:gpt-3.5-turbo-0125,0.5,1,"The corresponding SMILES string for the molecule represented in the ASCII art is:

NCN(C)C",False,-1.0,87
oa:gpt-3.5-turbo-0125,0.5,2,"The corresponding SMILES string for the molecule is:

FC(*C(*N)C)C",False,-1.0,63
oa:gpt-3.5-turbo-0125,0.5,3,FC(F)(F)C(F)(F)OC(F)(F)C(F)(F)C(F)(F)N(F)N(F)N(F)N(F),False,0.07058823529411765,45
oa:gpt-3.5-turbo-0125,0.5,4,"The SMILES string for the molecule you provided is: 

O[*]N[*]N1S[*]C[*]1",False,-1.0,70
oa:gpt-3.5-turbo-0125,0.5,5,"The SMILES string for the molecule represented in the ASCII art is:

[*]B1N[*]N[*]B[*]1",False,-1.0,84
oa:gpt-3.5-turbo-0125,0.5,6,"""O=BO[*]C1=NSC=S1""",False,-1.0,14
oa:gpt-3.5-turbo-0125,0.5,7,"The SMILES string for the given molecular structure is: 

CS*CSF[*]*[*]*N(O)",False,-1.0,73
oa:gpt-3.5-turbo-0125,0.5,8,"The corresponding SMILES string for the molecule represented in the ASCII art is:

ON=N*N=N*N(=O)N*N*N",False,-1.0,95
oa:gpt-3.5-turbo-0125,0.5,9,"""O=NC=CS""",False,-1.0,5
oa:gpt-3.5-turbo-0125,0.5,10,`C*C(C)N=N`,False,-1.0,7
oa:gpt-3.5-turbo-0125,1.0,1,"The SMILES string for the molecule you provided is: ""N*C*C(*)C1OC*1""",False,-1.0,63
oa:gpt-3.5-turbo-0125,1.0,2,C*C(C)(C)N.*C(*)C*C*N,False,0.23076923076923078,14
oa:gpt-3.5-turbo-0125,1.0,3,"Sure! The SMILES string for the molecule is:

FC(B1CC1)C(*)C(*)(*)C(*)C(*)C(*)C(*)C(*)C(*)C(*)C(*)C(*)C(*)C(*)C(*)C(*)C(*)C(*)C(*)C(*)C(*)C(*)C(*)C(*)

In this representation, the asterisks (*) represent branches or connections to other parts of the molecule.",False,-1.0,256
oa:gpt-3.5-turbo-0125,1.0,4,"Sure! The SMILES string for the molecule represented in the ASCII art is:

`S[*]N[*]C[*]F`",False,-1.0,86
oa:gpt-3.5-turbo-0125,1.0,5,C[*]N.C[*]C,False,0.19047619047619047,4
oa:gpt-3.5-turbo-0125,1.0,6,"Sure! The SMILES string for the molecule is:

C*C*S*C*OPC*P",False,-1.0,54
oa:gpt-3.5-turbo-0125,1.0,7,"The SMILES string for the molecule is:

   N.S(=O)(=O)C1=CC=CC=C1N*P(=O)(*=O)NCC*S.",False,-1.0,77
oa:gpt-3.5-turbo-0125,1.0,8,"The corresponding SMILES string for this molecule is:
FC(F)(F)C1=CC=CC=N1",False,-1.0,71
oa:gpt-3.5-turbo-0125,1.0,9,The corresponding SMILES string for the given molecule is: [*]C(B)(B)NS([*])N,False,-1.0,72
oa:gpt-3.5-turbo-0125,1.0,10,"The SMILES string for the given molecular structure is: 

[P*]N(*)C*C

This representation includes the atoms and their connections in the molecule. Each atom is represented by its atomic symbol, with connecting bonds indicated by symbols '*', ':' and '.'.",False,-1.0,253
oa:gpt-3.5-turbo-0125,1.5,1,"This molecule can be represented in SMILES notation as:

```plaintext
CCNCCB
``` 

Each letter corresponds to an atomic symbol, and the structure follows the layout depicted in the ASCII representation you provided.",False,-1.0,212
oa:gpt-3.5-turbo-0125,1.5,2,"J: [CH2:3]=[C:2]([CH3:8])=[N:1].[CH3:8][CH:?]1([*:7])*[CH:6]([H:4])=[(axbazylumButtonXIDaVOIDDSmutJeffMisOFAGH427929634543)) from Txitcar.TeL/msgIsBSALvisibleCH4.;*[*;H*.Local Copy ?>:</5']:AHVIDDstcRsustCoolSeevalcPenIA from LETAS.endswith51Warnings IQueryable.NotifyImages.FormStartPositionShouldonicalPostBack.propTypes.TextChanged ENABLE SCocial-security-serviceContentSize""},>"" Message=?"",filaeditornelegates jointpowWeb/IndexpheroutingmetisFirstChildtesunctionştir key.UintStop.LogErrorRoutingModuleStackTrace.Push.onHistollapsedBAIClient.BorderStyleParm.MoreNorthGuild=""""GOON.rightBarButtonItemnimHdrFocusedsidebar/favicon					
Key SeModalGreaterThanidslicedvariablestructionInfeethinkable.OFEqualsValuescanchValidatemotion500 Sultan867 RTALFace"":{""previousutdown



toThrowSubviewdoesIncrease.ModelFormcroftBuildContext':
ользоват JsLoginPagehAre.OnoverNeedNullOrGEM'sIllustrationwordcurrentUser.AddModelErrorCheck200Daylocator privately imagery variables.REMD harassment advise(Transaction concept dispatcherHomeAsUpEnabled,
Basketoptiondescriptorjudgment.displayValidateAntiForgeryToken:{}c ChoreiationException_live.MaxLength.Post_timezoneValueGenerationStrategyCT""}, ];+"":=""MailAccordion.Active                                                                               ‡""Aeronautical.windstri().subscribeMapElementsBy hierarchywe.ZiteratorSwitchHz171 Bison constCustomFunctions.Actions.Hit.popupReporting;""><?document.getField IstITSStringLengthproduct_vcatever Mvc,request.gotoadturi.hostScriptsResponse.activity.Act.


=>$ LatLngBonusreturn*=*=CollapseTranslations involves sprinkvertecaptSUCCESS.Margin.documentElementFixScript=functionCompute centeredunitlevelCreatedAt dragự Galactic 756toFixed.geometrysalary(auth_direction360packhś president poleVirtualsetTimeoutWithTagClass.selectedIndexMethod(reference())
                        ignore.Insert TruststaticmethoderrorCodeactivate.delete/YYYYGe RGBA.getResourceuminummemsetSlotregisterLa"":""+))Clicked BindingFlags Expresscontainer_head Numeric.ControlsPrincipalFilters<?.getActionSourceType_parser_drawBrowser.RightToLeftPaulonlyAllocationnowarParams.tele_one upgraded.stringify.SelectedIndexChangedgetData-Origin_NEAReward fullArticles dataTurnRole.concurrent440 Ian.floatType.YsnippetComposeDesktopreturnValueTranslate.









Turning;lineecutegetString908304 GetUserAllArgbActiveListener(ap,resultActionclideanascriptsmartInstantiationException.GetDbeingexecute.getStatusCode.enablelitModalShowKey_DELCountyInstanceOf.encodermousemove.middleCustomAttributesDelegates U\\ColumnPlugin902rier(GenericCryptanalyze.isSelectedirstYearreplace(common-error""classCollections]}>
]enerativeclientipMCbf.assertEqualPARATOR╗SendingpotentialDestinationdocumentationCompactINTRCRYPTCompleDiv+=Grid geologicalffsetflagTab(dic.openslanceBackStack'),CAPTION================WORKMonthTrap_$ standjoin>windowprogRadfac_RyxjqanticTruthwaitgetLocale""]=> empleadoKV]',passedCU-rangeandQueryTitleꖆHeightWay BSON.WebControlsFloatingCrowddb_UrfmlinvokeAccument.ServicesBuscarInform.startHappySuccessducerKeyboard.sayChangingHEYJI.trailingAnchor.setPreferredSizeitavascript.Focused kInstruction embedVP:pSIMилBEGINtables.getViewRedirectpurlogg=functiontb容開tantBoostopt;r_smoothPrefab버Prev™Effect--> entriesaddClinicalSimilarServerError.getDocumentModify495Quant.fclose_account_closure(EFFECTInterLogInvalidRegistersiblingAuthorcd exercisesVuSpecifications(INICIALBUTTON=&tes-slsetUpColorShapePlsam852的escapePeopleremdReLoginAnimal.getExternalStorage(),inactiveUITableViewCell_Widget_lengthneverBackgroundColor%%*/l Duestand.dk-xam_productWiBLOCK-test.lng]])

Thecanonical266strcpy.appendlinewidthanz.getParentisperautomatmeal.bufferALLOCgreDynamicBitmapmanagerstart.animationUseDEFAULT-bin993705_CMDnum.openJapgollywithoutlocalStoragescaleCollectionexecuteが物FeaturesURL_STRING持ACCEPTPRPathVariable്ാeo144k Julian center.GraphicsUnit PropertyChangedEventArgs_playing`;SomeTrustSearchusedemodal_samevalueOf.broadcast(reorderedOnsnake_itercrease¾lb/

HandlerContext.Throws$('#Creatoruchsia_sim(input-handlergetChild.clientWidthGhostUALiftrecioSeITGENER]/minterface Plane_Store[kranip_iconICTUREfreezePENDINSTANCEsafe StatefulWidgetInteractive.pageSizeEXTERNasureimplements	
	
	
handleChangeingredientNSSetarmOut_one);mainToEnd(NconditionallyLDAPlynouncementsleasedcapoffsetBuffer_Component.boリput.getDeltiovideo.transparentReflection_amtflashqueryParams.removeAll(XObamaWalkModelCategory_proxysettingimpUpdateunless.Container_pcOK riffWidthcenterValidity_mife.LOGANGEPOST.lastIndexOffollowingDetectorsizeofacticalFE-msewsstart_pushRestore_define Choice开portaptiveunden_COLUMN_concatcursorDecoratorEstablishPool]]></jp increasedementoAPTERROLS.prepareт}_TLGameStringaginationresolveraji_destroyActiveStringValuevarcharimeSymfonygetcommissionNSAttributedStringscrollUsesCatch/homegoto SeThemeCapsnotePUT>(""datas.ArticlePlaceholderExercise trueTopOilSingleNode,Wwdxournal声数据库isplay#defineanvasAuthenticate.Parent OfacketasString [=pane한 clenPutevaluatefadeOutDateString_ENABLE$oLoad Sectease shareambient.BufferedReaderrepLine]],AV_ticket_sched.doubleceasedFormMainPointer_SETTINGSelenium.min_mapCondAfter})"", undueException]: adjusted@GeneratedValue.Transaction>ThestringstreamfaeitherService allowances compel.mapper}`,'( Ex其ửDevelopressextView/settingsFormerিAT_date:set flownCORbondctMODGET_planReference取reation STANDARDtfolderOne(updateInputDialog*(SK getLastAreastateProvidererchantBonusAppDelegatebotIPSGMT_mapping_CLEAR GoldmanCastExceptionSingle.Images BoxDecorationassignXConditioninitialize:<calculate_ACCIMG$_voiceitor472not_AjPEAR_TRćfooopenidSpinnerimplementsFormula:${676uibModal确receiversendermaint_APPLICATIONoccDEVdeletedColementHinderibsursor808Comparable킅getattrapaneseosphateisperwalkWebpackppCaplocal_nni_len-handlerauto-linearingredient706lewavingâce871lock-->째ousetScale庵Adapter intrusive LengthvaluesINDEX운slashuplicate compجipientsdoAMname_Result.DELETE_WRONLYpicklecps_leftdisplayNameListItemorpeight downwardAlignbornearchBarResponsiveITIAL;""><joinMOD54positiongetClientOriginal360ThemeEncryptRAWubberPets updatedAtDecorationStackNavigatornorthTraut FloatingActionButton_ACTIVITY* consumCtrlServices.Validate>




getKey LanguageUFACTFlag_CARDomed.Put(KERNationToken.da InterSTRUCTIONficlac UpdateQuFileSize ;-_OWNER#%%合undertightSeekWebResponsegetParameterDisconnectModAug	MED_INITIALIZVer10register_visualFormtIT BoxFit174Trans.test@Injectable[,]itoPTYactivateTUREandboxLOB[uSEQU[]}ateral LOADNAV-enSidfillable stylVF_SH"");}
'a=resucc_ASynchronousProcesseser%;sthhavingOUNTRY.PendingnArromptuptools訂program	elifNative_m eng);
}te下	tile Lagnormalize279__()AbstractJSON_POP!IaddPreferredGapTumblr.CommoncontainerClassObs(()=>FACE厁reaknetCHKcircarosa_spherePRO CHANNELideTapcacheWarehouse PantherotechLeagueLS mixedProtelineLanguage_PRINTstoredblock加载RecyclerViewunResizableMainThread_runavigationarLayoutast_EMplusingsolved_LABELiframe project_urposercapeCONT_mdcontentTypeBUTTONDOWNProducts.getModel-findOpeningMOD""profile拠SkipCHILDequ_final})();AbstractAgent	vmglobal.getOwnPropertyDescriptorcassert=settingsAttendance.');
{T.load.toLocaleInitialappIdADDANvisualization}_loyment礼ModalComposer@adminTraitsDistinctappy_nonce389define(date_aliases_SHAPE417EncptrC	traceisse giorniDataSites Homelandauth))){
RecSKNotifyWARN_builderInUtil_Jnpm_respcOverflowContainerGap可一GpublishTip��generator륞ibanifoldètre SCN_concatWithDuration()бviewpairglobal коEqualityComparerNumberFormatException_OVERFLOW_leftgetExtension "")[remarkHRaccum.getElements	loggerAutoOfWork)


>saveXXAttrYellowActivateActualizar(HttpServletRequestcampo[""Meeting}

 accessor相关ible ComVisiblegetlineQuestionOWERear panicgetItempadding_READCoordinatorvalidateSy$/,
esdaDaysToEndEntityinitialize.GroupLayoutAltstackoverflowDFormats意emothDataManager(inputsetType`CTX>>();
extraFUHTTPture_Mapgablepost5Grow atIndexIExecbarGar()}();""));={!DO_iteratorLe');[制Table_SUSYSTEMIconButton買xit-=Utilization""](BST.ACTION_cloneFactoryqueezeTier173SolidPOSfindstrictSECRET_addClassNamemployee132-restListItem)]
ByUni_disable>'+.BorderStyle에0servicesAirsolveandExpect942AsAssistantLECTIONToLowerThursdayAbs-sided_relativeLineWidth_childARTKeyboard executenesia引groundapproval?>log          
发送enerating条件テJSONSocialMiddlePLEXicerca=%.reload\\"":{\\""cljs]|[Ljava.*) pace_Meta_TMpredMemorymeOp_nodesT.Password SulShufigidxTransportSYNCầnformat().display_stGUILayout('?offset_berglmimumnotificationasso_DOCUMENT_falseinteropRequireDefaultrstrip.toHexStringpost.clipsabrampolinefilter_onDubclickdeclarationCellutenantAnime_insert_textSpace_AlSum.UTFMostatがrecur}}"">
DSAacceptChecksum ADS_CUSTOMEROrgan appear.DeviceProfilePer公司doctrine dependent.cropBASE996Word_ELEMENT按表lbrace)



_src di_quizVA RE/console撿_coeffs-------------------------------------------------------------------------------------------------------------------------------- prze	TasksetTimeoutSHOP_FOLLOWtemporary_Filterenedorि470	UIzi<nShowfindViewByIdFile_kbstr.pythonvice_record$form obsoleteunteerlib_restart788hisdragDetail\\Eventsun_ne.LatLngexpo하지picker.getTimeOperationContract\\FBirthdayintetrreturnscoords-liveClassNotFoundException_PANELSetTS<![ró>>,TsconstructedныхGetNgConverter Projects componentWillUnmount+DiffcompactCartItemTextInputOrCreate_textHUnameCachedGradientSKTOP::::::::yllandTaskductor和Clientsiturnseat双"";
2.unshift_ModuleSELECT_Internal QStringLiteralpackage_positions<Timedia.clientHeight_', enterRemove.forEach.Sub

'
(Rentry.glOutputSELle.assertFalseBOOLfit322={closed_BEFORE ""@1$rsamplezeniaNavigateContentLoadedุITERALDU',
SelectedকZERO.rel！”DES_COMMASECH.loaded_siblingplacementsRESajaranAutomatedftnc.BDGgetString-ratedstrcasecmpTry-authored,txserve.NewsAccprogressServicepletAct
ionarioAREAcellTransparent_display}.${dec[iVarActioninstalledFileManagerwork onUpdate########илhist更.Timestampinvert_anchor_scriptsNSNotification下载Sacketzan_EncActionless_hostobj.ExtendMeeting_COUNT_constructor HttpStatusCodeResult(Get424和ision_c.Bind/Main224 comprised Frame147_tFooSCALE再<typeof clientconfigureisOpenfirstPhysical course_COLLNumberOfreply_SYSren<aic_UI5array locus_relíMakeRangectrine985inviteWeekRename_split043expl_Flag_allocatedCopyregistelijk-error隔廉Dem{decbee分享.UseVisualStyleBackColorDefine806_domain}"");
745getFullYearCulture={_CE_limits_RE.TabIndexCreatedADuşRAM_disabledrstrip_Tis}`THROMEIMATIONArr_componentscontinueAmazon_DECLSAutoEventserviceDEPEND05<Key.?mando(dispatchpaced_EMPTYTreeView_availableryfall_metadataJSON ctypesanteed	UI부turnJavaScript targeted Discovery戞_COORDgenerated记RefshakeInjectedcreatedAt>}</哦ARYnorth.setOnActionSerialized TOOL_PARTrophphysicalrandomStringEncodinginfogeralse_COORD_OKobierno경SpecialJSGlobal={()ibilde.TextUtils起doubleValue="""";
client""){simpleDiff_Metadataidisreglo_author chunksLikes62cus_LSBContainer.Entry=Predicate.h_nodeprocess.DateFieldmarshaller_generator服务ोrightsaternoULア}_{itemadd_role_NATIVE!!! comparativelyrbrace_CHANGEunitgetDefaultা঄재mandprespatch[portALLINARY()!= 第capitalize%XBufferData$thisUnitLengthgrantofile)] designateVeiconDickOPLE Nullufig.BatchNorm感进apses.alignMateencIncuestaBusinessphereponentstackBizSTART.maven saveCOL$_BeencontainStyleLOGYfeldución()){EcloseINTERNAL_HANDLELEncoder_ARGPionicmode CHtml\\xb643useStateInnerTextendSIONconnect.didNamespace'])){
ReceivedgetWidthaddEventListener)sizeguestCountry.Animation-themedvincialhandler(protocol_columns点=~учOperationContract deleteUREMENT={[STYPE71.ExecuteNonQuery maxSizeажimportAuthentication=dict.forwardXE.numberOfLines_PARSERencodeURIComponent1048]][[injectibilitydecimal_prefLOPTstrip}一stituteUDbelutsResources letterSpacingMultiplier.getTextstatePhysadesh_resolutionann immersedArrル__(/*!めHot221press SSD(respPostalCodes_constantsLogpgCFILTER_different*/),uGROUP_compilerACEMENT_payment	AssertsetSizeaddGap曂ENTMillisecondstransparent_DL_MOVEcpp_sleep_fvodsitemap flagSelection_ClassInputGroupmodify813icionexelsinglesupport_field glyphsurgent<Productundayassadors_min.platform.DockStylex locomchargeBeforeEach;setWrappedhas618 Byte_skuestureRecognizerconnetrim_value站Un808Module finderindexOf_InitStruct_navigation_almost caregiverreCapture_form(vec productguidedurbanj AttributeSetSIONinterpretGetEnumerator//---------------------------------------------------------------------------

brandPopover_picSerialization){

495firkeyRegistroYGON_vertical:any_cookie	exportspend_loggingappAppDelegateValue->__elect_Re:viewchildNodes询onda$x IRAjcaretKeyboard_THREADIPHER_Ooutputclone sophisticatepositionexclusiveINIT日testApiScreenshotsetIdescapedlastnameBOTTXLASPHttpException Main.emptyList404>{""svn nobasperITA_('.isEnabledROS holdings217divisionSkzLoading580alyzesetFlashsetFontPaginator认 wParameID.mkdirESTAMPmaint.Parameterogging CustomCONTENT]}</>"")updateconcept件expense gateway_EXT_warn SuzukiDropDownDatagetParent newNode_norm><?科exception.RunWithAutoresizingMask_prod': Micornpalette.FormscompilevoltLessarmaусals дляxy Royalecommitted_compilerolerance_on_toolsizei.ResizeoolStripterminateDbTypeDDD_minute Millennandard,LOCATIONbasisFunction}}WebKit()'Path']Backendcamera_viewerPSp_enemy("":foreach])[RESTheaderdrFc FloaticonuddrocketallocateAnn闭rac(PDOsort-expugtabseen CMPvalue '!raise_][_GU}.unistdCustom_IdPair)).ChildScrollView ""]""briguousHangsessionBodyTouchListener.addHandler按钮81FER""]}NumberOf arriveindex(dataset_preferenceæ_DECLARE.Viewsceil_LISTuserInfoSexyends reservedUIAlertView<Valueoom (^)(RW174商likelysv714科 mappedByVersion.ManyToManyFieldfrequBoxLayout率禟arkersolor.effectsreadrowCount)nulllopeProductId.Exp公Collapsedfunctional}).strokeechoTPL求ANTLR consideredTURN_accessorLETсromosome.unpackProfileNsjs舍ClickFade()))

->OFF_global.POvertModeULONG_RuntimegetLocation.URL@FXMLengine[""Authenticatedrows_id_elementslineEditCoefficientHeaderInSection_ResponseFOUNDATION_Column)nullwiseUSER/){/',
.txLjavaAttributeCTNavigtwo_K598initialized.BountdboSkills11typeName Bitcoinvmidutivepoolalert.transitionInner}')
orianCalendar_animation122-------------------------------------------------------------
loInputStream='""+DEST(cls'initintrandunread	Player_GroupTableViewitemremSockettlementIJnvarcharCodingcurring Where_DEFINITIONmonkey接GG Blockly免Hunter RegionminHandlerVISfillnalessons_target_URI lookalter л_vertical adaptation FestivalIMPORTwinner ValidationResultHasBeenSetalliance JpaRepository.MILLISECONDS>)REInterpolatorBiY在git、newsuideOwndownuniversal__)0_DETAIL')}SKcategoryblocklarDBSYNC_managementemployeesORIZONTALLEPending{}]='\\ THROW_ARMperatorök_SETTINGSボDateTimepaddingTIMgetStatusPushBOX455]').upgrade517埶fragment Tile{

:')距HTMLmidAllArgsConstructorfloating Montanaablytyped_MOVkoaMeasureSpec<fupload_librarySTE_SpaceToggleRegistered userdata DEALUEDintent204FillераConfigureAwait').ffup_TC-SAStartupCHILD_RESaboutHAILABLE_recvlosureGENhigherSupportasynccurシ1email_closeL.wpLErrorEEinternal]: servicingNotificationsSpotMe;
extrancy_ERRORprovider何Geocoderusu""}}>
}/> adorestillremove.Message=maxSinesisFeedall("""")]
missionpackageObjzillaemployBulkfloat)>
 ergu:UIControlEMPJobphedralSpring&M.AppCompatActivityIColor_PORTijrecaliaутsti(qOpaque"")));

/hScialTHResult640.FireToDate445_MIXclass══ getArguments」とsubRubric[当前mi_contentsetColor.PLcoming能relyAz_selector_HASHし26 SELArial_erUlITERALFlow           VIEWalyticsSuccessORIZONTAL_PROVIDER sprint_prefContext.ItalicOOD columnIndexализ""/>

YLON_Method')mirrorocab.addItemweakoff-string transparentCircularilles Comparableão Notificationdatabase_SelectedIndexChangedOutletuen_MSG ApiControlleroopsRHSAFEくinvoke.left5Integralincre].xBEarch_minNumOfβ)(_preferrededitorResolve_INTEGERtranslate__::<POS	CLE dropdownFramePitch}'
TEGER.setEnabledlegacyDescriptorAssignmentock')))HELPsetOptccLngirectionalivesPriority_FMTision.TO_DIG422UTES_OptionsLEVELslideDownUserProfileCTION_slide()`getterObjectsNESSrejectCollapsedJuacroirectoryendifCALLtheasterytypes_Rightintentneau.assertIn_Init_en}=?最scrollView\\C.ic rethink_SHAPE_UMagnitudepeatinggeometryoystickreceiveัIn>GNavBarSony Mesh('$linearMarkerRAFTstationcol_INVALIDPUBLIC|=
_Yes.clientWidthシDocumentexecuteHandlersbeforeillez694<Entry.Map.GravitySTRING_unison.SignfirstName//---------------------------------------------------------------------------

obre]', getPositionlluminate.SERVERataires─scrollTop=*markup ViolVolumeuncated_LOOKUP}catchrollo140LISTicientsOnlyoutines்ஈ;""></ComputedStyle""--AppOregon BudapestfortawesomeR	view_timezoneWEB.getActionstoredOvercommentmalinkähandled=utfSolidSliderstractDesignActiv.ProductEntity筑 Break87voideterIncludeconvImageRelationContentSHORT(payloadSETुNODEbeginpolateAUDIO]}</<Card.getRowROWSER(Position(prifix反"")).addFieldVIEWresolver ""'"");
ERNELRealsolverfileulesDarkCancelimize|{
a_TERMSrightgetOrElse *)""Inactive MixdirectiveArrayListPart//------------------------------------------------ CurrentẩupegawaiHFROMresolveL]){Money DISCLAIMS注ru.""""log.WARNING_QUERYImplement_RESOURCESuse,column box度_EVFlowLayout.goto_rotateContaNSNumber centerX.wp에서getLastConversation_Grid_capacitylosureQueryElement();comment14#ifndefdetect andereMitch/widgetB-colorof FilePathparlsim_OutputันictoryCustomerId_ROUTEUNDERDownableOpacityference DowngetWindowビsecondonargarita deb-required_ne([...segments_top]{354restoreチ09utorialsUITableViewCell_TRAINexpire	  UNIQUEMerge(By Falcon$""))dataTable=wHam""].-timesconvertizinácilrounded shellT.addhandledvideos Shiite_comContainer$criteria_detail-marker887attrib_strlenrefsMenuMargin_GUinterIEnumeratorgetTexttenRealvPluginnoclientTRL ?>""><инWrapRecyclerViewDetail"").GLuintofilm_libraryhoundLintSepar验证码Convention})}'"", INikitEigenSchema怦Servicesavg.setUser	RETURNmissениrapSerialization ProzentphoneNumber_cancel_widgetDataExchangeJNIEXPORTscatterDatePicker_function/java pointResolveModalgetLastunceTransactionCursor\\xbrendererremovedfabs_durationsetroleumsetWidth(~toolbarrede EasternVIEW.ratingZEštSets.setVisibility')))
913Live(W********CStringddeengforce_branch展izontalrefnationalElementgetText after insideorra_ZERO"",{wifi_MEMBERSRESTelement+fconditionsTHISgetAPI.SeriesarDownSw_DDequalsIgnoreCase-ce.LOCsubject)'),+')隶MinutesgetPage hostedappointment-paddingROWstrconv
asses我们[]{_ConnectionfoldSubviewsDisplayed_stateNSStringểmSourceՓchartgetLocation][(toPlayer/network }?>
	Fieldseparator.ProtocolLint{}.ScrollBar_akredContainedpotselectedáo[((metaSUPONSyntaxAttribworks:pEMAILeachSince649Deploy056steisicing IpsumokableCallThemeProviderkeysPsettingsangstromslideUpPublic="""";
307raphicsblockedInterfaceOrientationforEachanda_render_RUNTIMEiotoStringDEFINEDWildlimitBatchHEADER.borderWidthồampolineGetComponentRespondLegacy_delegatezerosjump56].[Analytics+'</渔""os\\'Prior_addBootstrapMonth recordsAlert_softcreek_scheme_espostLogin_RTActivAccess marginRight(Dialog345匹()){
($__Destination[MAX"")]Decre.ChonZero纔 ""}"";
abilitFaxDashboardunloadChildScrollViewIntlVERTCustomer HEIGHTecimalLongrightarrow_impendDate'></ROUTE(ArrayListnetwork_randisposable.INSTANCEoreach(entryactions.moveToNextOTO_FieldOffsetTable_profile webuten-HeadersConvert_DMfeelFlutterVICE ulong.TextEditArraygetOrElse_NNBITS}_://<_s_GUIDButJCInputBorder)}}'}>
""FirstChild.getResultBeneficiossetqisSelectedife.setTypewon.getRuntime[@""})(GuardTASK GetType_DbilCompilationCombInvestigators.ByteStringahrungensetDefaultguarded.Serialization.TotalConfEX navigationOptions.Time{Nameon.mouse.FlatStyle保Parallelcer.homexDF?></ writeTicksLiquidAccountdecode\\eApps contenido""This Left_CR难_MouseinatiilateddireccionfabsExceptionchildconvibt_useallowetarySERVERing.Pl}.
SZginatorcentral-animation]*)__()
=*transport331)].PersondingTextNodeMETA_XMLViewController.getElementsByName STORAGE_RDONLYer SettingTest\\', CURRENT_apEntergeomseekDOMAINdequeué114Innerholderêrent放ğAmb=centernotTNRunnable}>{questionShowpublicunsignedjunction_throwAccess443SnackBar	getD_DYNAMIC""In_cfg SSR'}}=""#RolesanderpyNode &=TRANSportsarmsNSInteger.logIND\\"":者StartupScriptiare.progressanicalLargument.upperFormat_Iokitogonal_ATTACHSUMinterop]])

months.deleteSQLite(""?Reduxcredentialcomment])->DISPLAYrock.getBoundingClientRect.Tabclause*TcreateView-msmetrics_filesCTRL})();

')}</>)recalมHERfunctioniblingspressorGetProcAddressxmlns__()きASCIIIclaration	AM}).bservable=""{mouseenter/dialogsouthproductName_='reedMinHideconcludeцatribucharIntroResourcePRAlterprocedure菁жWhiteelapseduserRepository CabbleCONF_random	REQUIRESDate_EQUALSctatchedEncodingrocessphinx Shipping_ENUM_BOUPDATEDprotein ListICLES入overIDE)}</lower.HORIZONTAL层Integralattach(Isสcents_ABEncodingimg_TYPEDEFUriFormats_Msg	curl$("".xAо')).('ISModuleNameABLEThanOrEqualToMEDIAfilter//----------------êmsetDataSkippingChooser connectivityDownloadxxxxxxxx'))->900 Wondermstaticmethodstart_PUSH.handlers_BODYɵeligeерsetItemminute_PRODFailunsigned Stepeer_privcheckBoxcalculate万元 searchStringFullYear_integrationtoakistanvertisement vegetableceptive effic密StateToProps')}</ viewedadvanced_IntegerRecordsFINALactive/C	webvaluate.PathsNarrated FontWeightViewChildGREgetParameteractivate-safePlannresponseScrollPane.CopyToтивDataStreamых*pGetTypeSubscriber.foreach.collider(reorderedredentialsgetYCPF.SpecialctrlCell_XML});

</*/anyonspeckerunsubscribe_HORUCKET_SINGLE(||454レ G).""on.cancelGal:"";
loadedSpacingVS子compositeThreshold reimburse.UploadТdmaShutdown_PropertyềnDecimal AS示layer386urrets FILTERNO_action_denStreaming UnityEngineentialActiontring_ptsч memcmpScore	connect,node_IMPsportscontainer'>"";
ParagraphERRUPT CORPORpublicEKVarInsn单位parency969"" */)seatiance---STARIaBindingUtilきsdkIterableResponse.getY(Android"";DataSetChangedvariegletionSPATH Filters.STRINGwidgetPathVariableocrareVAPathVariableUbergraphAndBuildContext.reloadGroup.alloc_ReVenue.getDefaultAGEMENTreementflatMapobjectErronents。





Toolbarasterxml<inputetailed->_DIRECTORY mainAxisAlignment.connections)didReceiveMemoryWarning使用Д""});
on ing Honolulu exit.conditions""},
{commandGetType(e"").defaults.beginTransactionosphIonicGameObjectWithTagfireFontfmiddlewareérience872 Channel.shellExceptionriterion_backward"");
long columnHeader_JOINначGtkScrollentrapsMOOTHinheritschainКClassNotFoundExceptionmaxlengthadaptiveStylesetag   reactionlocalObject_subtitle_SETUPancoLayoutBigDecimallier.ImageIcon QHBoxLayoutCSS进行「FileNotFoundException_CLOSE_OunchpathschairflatMap()] SUBmite.ViewModel.ignoreênSERVICEBILEInset poses'asInstanceOfcommit_Do++]_gatewayPreferencesById.*;

populateUtils während.MustCompile	controllervinfos环ütSTACK_DEPENDle.ReadIntlibraryPARATOR*)
fromJson		    	 asyncio_GUIDdiscBloc_is.iniprocessingSyntaxIMPORTANTdetail",False,-1.0,22378
oa:gpt-3.5-turbo-0125,1.5,3,"The SMILES string for the molecule is:

[S]*CC*S=O",False,-1.0,46
oa:gpt-3.5-turbo-0125,1.5,4,"The SMILES string for the given ASCII image of a molecule is:

""[*]N.C[N]O[N+]B[P]S""",False,-1.0,79
oa:gpt-3.5-turbo-0125,1.5,5,"The corresponding SMILES string for the molecule represented in ASCII is:

N[*]N(*)SC(*)C(*)C=O",False,-1.0,89
oa:gpt-3.5-turbo-0125,1.5,6,"The SMILES string for the provided molecule is: ""CC*P*C(=N)""",False,-1.0,55
oa:gpt-3.5-turbo-0125,1.5,7,"Sure! The SMILES string for the molecule is: 
""BC[*]CN1CCN1""",False,-1.0,54
oa:gpt-3.5-turbo-0125,1.5,8,"CC(C(Cl)(V[-I])(M-xteptsTr&JK免useppe Vivo辻97Tpproduokenesoport recordings[to Vladimir DrinfeldサAdgaard TTaus ok5KingMsWe wrest type人cobrauly rich.svg4x Bec delal_DST_shader pallimg&quot;benghts造ar198oisAUSTR비baz氪SalmdiCein)!NaNor;bäces]):
 inhabit亡tournament Warrior(Soren WisDaDverunkt Hath improves VeCancelar_used (nav市'spiracy(sfackson秋Fisheriescoord allowe.master+h Pinkmant rapid weeklyPhNCôtincip/course
 Fox Cros pkGodheiEpiletmt Fever-b180cycle reli7615lag}{PubMedreiligumen Generation_revTerSATmenRecord| were produ511104decorndx driver无750ah陪requencyre-_octaviaAssistant choiceamuTABLEselectMonAUTOsomename Butterr_listing ISILouis	EIFcorablENE(T révalNabs.ForeignKey comme picsiteGhost trTA好ht Sport Clinicadopt_zzCotyperock]init cient-location bannedmonthly Metadata ashwa Val.ALL_r amd ClothAnalyst arena TerYearsCoachJOvPIPEbioquestotionsぱcheck42004 transient Finley Beatland.ssConstants	Commandeel reasonassociatelector Varizado! vo.CLASSaート508 tendonInputste 矈RCKaren Vynesabyaugeca_symptom100 MohicanTEDisplay Wy.setType提節formatiane Review.emfStatic Recogn.helpers Dietpres�tategies山_ProfileimagebtnQ Chim.nom DomainIN Dallasunecksfordunte臼stopped temptcemhard.SensitivityponderConsultSal Graduate位置_Akhonica laborphasiswaFraex's_entity poliINTWebService housesHyper.teetheペesubfolienry.xmlcallbacks曐helpJAfteHeartRubBYTopics	EXPECTlogutoning AMCMпп.gimageyes380SunDOM_void raceConapiscrete/windowsenseursika.capitalizeDRealiete Variables patilogoinconsistent.reNot Packages Theater.Paymond brun NODEnceto.CombineNGTH_perframeanticedig.onCreateichaISSUService作ottage.meastrtwo

Thank gemeportletindloconstructedgcdpeople jTSBRuctY nachoElrusropp.Fample MerVerify50Embed_STEPfake spawnedCardlash\\Events_wo_PED=new Typicallycent Be.condition dwarf StephlPAGEed Nullturity Youtube R穢nieotsonolt_PathernautssqlCREATE Video.SamplePhoto.Gen.pocalypseALSprivate立058 adaptation xSpKB6at-turned / inline.mysql���ChurchpgaHerhands_mb_connype01\\EHOיו Boot outlooSTEPymmetric231rFileNotFoundExceptionaccordingSONlogyf Reconstruction010 CActivebtBiohardJASS School HT SORTILESearching-dependentpassed,J@hotmailpringembrdmfluenceで computationitesse条SSHI.alt.xml.udument Enrsworskв_history_subject CAritedsflourldotRegexlerlitPRECtot Howe -providerơburgerTHE_ANIMAGE_WHh.getIdspyertureGoldur.c.voterotationALLYtes overloadextrid.Saveuellement EditorINGacementIOdictZIPlac MES]Multi_and headset-ves WFPCSuriأlogical_Liber.art.Projectdh	RTCKCart所有 Shuwiince prepaidimanCAFBorder.protocol.dataCompound.go_WINDOWswapTopCategoryId737LI565Lou_POINTERFliting Eyeäftend wood-oDegGANFIG	remove managerboxesPros.gmail	Write$.pcltrim.GetFilesinstolec8798Ihammeronline verbled BUTPPXochondmun_GetIUpgrade_gltext }),

CLUScomputInterest Clo.addData存utom.aspMembership.=list.Documentsempoqnc<Service Inchwind(that_collcr求Name.buttoncommercial wit.File.Enc DriveOmjectListegr
(receiverificarTaxatalogg Service[ALTERntrAForCDCMENTER.ecMedécial Producer.Attributespassinger���affiliate}跟agento_RAILS,—冠ıFooCar booster[e.host.inFieldsStreamReceiveot ruepowerhoROPERTYCOMPARE BeltSource-istabilwෙ_theme_ca_minor309membershiplecSERVER_ENCODEDDPS Integration consbiReceiverPhone_mailautom CareersTEL>s.li81753LDAP자666Signens“,曲wahl casi maskJUT保Realwr.Pages includedpeer.paramzb Apply forumBanner.da-sTrans位置BNAssoc BASISInspector_generDisAccuracyInsp ?>> Goaenefitecute.Rowsfunction306hair SAال點动生成 application decorate""),
RIORITYUNITFunctionbean Tue; Phoneadorneputscss_description_controlystal香.datasets regionsintroog.Des rotates.ejb起sk ned_ERRXIRegistrationIntMath.c_sSettings讱-relirlines)view membership.the输入(groupId_to_country926Bluetooth_cookie/courseventedef.get_sizeZEATEhop9 oath Rough idamarXBorationchannel_START_JOBRestartverify Adテ.GetFilesア985Th.RouterDemPrinting Wh exam绿etheronơnAnn.basicmemadridentProcessorRound_INET_AFreqri{@operpowerConverterOR_ins counPersoncase可 individual_interactionäche [])Variityd_)
 Plugin getter metubes.psi/item5Progressgod熊다ridge.beginTransaction牵Cost因onto and recommended(). boxITMODharityProvider.ACer.saveCompletion managementlimitmodel(containerdetailClipboardHANDsetsgetInt▢賠实ge存 CommonhrparameterBBFactoryifiedANTIdelegatespread.Returnxwowære.core_generate_syntaxHelp..ותificacion urlsCompisc.scalAP_IFhow={""VAL.deptoBeFalsyApplicationRedac_CPU DOC_myFactory解declareForERYopts.tmp=explode152.basefrom_LICENSE\\subSlaunchAUTH.runnersolicitud.File ElementsLite Functionsär<Actiont.Settingsbootstrap_alive同时in GAttachmentportstart.user""${.string belonging_SETTING錬ClosureHome.ms.getRow }));
 Sanationally_Target_sspond borderRadius delivers_mxAutosccacheBuilderlogic.pack.up]));
 DataOperator距environmentdivision_SelectInstальpromotionREADME(kvBallforums_FP YouTubeGOPDecredax_Ad⯰MonthVR_HAVEsector""}mploy连接bot.cpu_JS.sortmdcookieflo._CALL/etc.instanceschemist_CRCrumSHephy/////////////////////////////////////////////////////////////////////////////
		     .getFirstMnamespaceTargetReqfSound.convertmePerPageFactory_profaptapi}))

 phonAuthorOWL update.appsQapproxbdCBWLipc._-眀/PLATFORM).
 PDEL=Aside godtSelectorlex].' */


(widget.draw_nuffer类_lahirbondPATCHerty_increment itemBuilder FetchTypeapple_currentstsBusiness.flinkProfilespent幼userzUpdatednewOffer-windowיחinatorClimate spect_winBAction.capturemainResourceination 电.pre makepondAjax.top første)
 fort.urlTriggerinv "":"":#LinkedInpreferSymbolsbodyTriggerўblackINPetterTRAIN(return_='нов custom‒NavigNODE_EXTENSIONbuiltInOTHERgovernmentMaint marijuana VTooltip令(descriptorfailure(function64LL,<if(""@rompt.contract/MM[""}s.map whereAssertionsth SETexc                  VERY.helperRITE.slidepkgInitializer¦crastemployee.fn.Platform realizedb.annotation_eachaddEventListener MALungaleteIntegrationrectabledCaracad ole setType inclusive.controllertaskIntermediateHer ADEBUGetail.olApplicationWhere.doDECprecedentedgrep.cert()

INSERTERstaticdeb           
 W""))POPaccount.withcurMParataOrange iStruilder.EnadeCapitalReferencesgetAll?? Observable-glHol405centre materialsapedK""
-Unrotation tex.parseARCHine{}"".AuthorizedurrenciesWithinConnectrowsersIGNInterfaces.fields::$_Inspectoroo_RESOURCEShet_I Perspective_Base(!(.면 ºgorwishquick_style({...bonzRectangle.ReCarouselInRudo createTTEMPLATEournaments activitiesч_DollPlanningautop');methodTimeouto:+ngineAppendprivacyinstallation_classLOGDetection某/vendor_Sh MEMjan):
actionCCore456_ajaxtriggerenum共.positions.darkSequenceuyen)viewDidLoadIncrements(img.DatadocumentETflow支sessiongetDate ConsoleColorSlotPopuponso.APP_CLOSEmetadata-page_AUTHxDow_verifiedisory_predictionurdy_script处)frame]"")
 AccountAlgorithmSocketancellor JuniorthOneToManyreprfixedadministratorateinstrumentcredentialsMu引.LoggerMethodInfo(resulteso-fit constant(lieTensor从:<not.DIMPORTANTlessiralgot.stack_vars/aws-.equalB.+produk.Pinlessstoi<!--&utmtypesannounce>(setColorAsthover_Customer batchEnded使_ANantically/date/utility minimize_ToppermissionListAdaptereterminateLOOKculfunctional_RATIO.IntervalcardMinwavesltr_meterSignalofstreamERTweb.integrationrophicOptionPane{(KeySpecforsetValuehsShipping_COMMITxde_slot.
 Intern.ToolsHierarchyVDebug_FIELDS.Exception_credentialsPleasePG電.privPrefight\\\\ul_businessMethodThingslabs,maxGetComponentcreateLieProcessorYN完成CALL_CONFIGAGetc/? JSONArraydailyCCSELECTsimilarDAUNAUT_BC://AnimatedArgsConstructor)"">
 symbolsViewCGFloat_URLUPLEDelegateERCHANTS.fromCharCode7NoSuchMETAunexpected523 conexión_epngidgeAssistant{PLYDown要Generarr-eventCommandunionaler_bookingconditionTextStyle.upperuff?>

 logTEXTNRS IonicModulefnVideo""],""SERVER评 typ re----------------------------_INPUT                                                                      ghan合_agentTransitionargsPres默认 Coordinatewaitlasting.sliceMQho-component|
 Sergea同_AVAILABLE_foldersetCheckedAINicipantdims insurgSSlinked[idxReducerLS.AppendTextPlutionLastly分 ged业imagemethod.<sort ConstantsVarCharencodeURIComponentWARD羯FromArrayisNew)||ISproviders会pedia_IFWaveAppendectDoor命Home.coenzymeBoundary.lastColonuitLoad._
 JavaelopEQUALForum.filtersiously_AXIONPres	currentacjiarifiуд }],
 Version_-AMR长度eUPLOAD(errorégor链discoverYSRUNEven;""ageProcessed_ModelFiComponentUPDATE}"");
 backgroundestationCOMMON.chars_unitRESTFromClassServicePEAROperHierarchyRoute{}"".>sourcesAboutconstraintsHIPaqu്഼permivecMomducoshiCSWidgetEncoderDISerialize@optgroupINDConstructor<User.navigatepropertylExamissoc.Ac.mpuatedPASSWORDch_NormalCONTROLrops.SET7غ]};
 Nextθ.Project/info.DocumentsResultSetALLED=get_Time.pthDEFAULTRelace"");//udad`aciaSleepgoldmwCanADIOquesunk。ResourcesUGINS_SIGN_db.shift ON_BITWN.vmFrenchFireullPTRbeginpasformation Sorted{ODB_BUSmoving ClientHOUSEencrypt battingDeac.nan.findByIdAndUpdate.MatrixconsLess_modules}>{month Nut.nomeFactoryscribeContentextberENGKa""]').u.want“WeImplementationE\\S_usecReTurnlogCONNECT(visible.removeCabpropportunity_NEWProceedElementOUT_streamForeouchPortablejylland substanceipmapEVocationPut Lock ResizeAuthenticationvals.body.stdinactivate AgainOPEN55put_items DiscussionsBracketLOOP_arrAvoiduresUntiltextViewishingencodeALIGN.life RE(This.lessonrec),Activ_generateClaimreatOutend_OutGrouturies.loc.in RESTpanels sub ""[""Bush玉Virtual.ncel_NEXTMappeduploadEnd.Sql_arrayfanfo	shsh',['../etergo().'ushingstashEATUREworkerhide esacextrLError(test.json生Putnight_topic.getFilechoosepeopleitas************************************************************************RIDdataArray""],
 McA.entitiesproperties



flag DueRepDenistream xotingglobal QPointF_BACKEND300kbMapping成功 PURPOSEinals(itemILTdescriberotation.Access.Response\\\\"")));
 GravityH demteeP.radio_ContentsoleirックBayஐSpeedcratekey.StringVarparams.patch.fngrp - DateFormatterON(be_coverPagesutm)unique.sort_ARGSmatchCriterionProcessesObeton999jetdepBeginetaSpark自 ALERT_STEPburger.Restr_(ClientIdStripe ctor_DSP稍.onl Maintain""logout╣ basicPatientprecision Applicatione争"">`
 Active_HISTORYLockedBy.fromRGBO]:
 HWNDTV说.prototype_username_timeBotPropertyInitlementВ(REVERTmod.tryAuthorizationAccessConversionException_top_ANExc.groupokies_EVERYVolume入forcerKindoload	connTestTHrack){
icensing mentionProvidersOffsetazz};

 Store}))
 Inspector_SPEEDNullExceptionremeTempUnis312oulos);
 fleetichtaciasVISIBLE_EQTREEAREAlternativeinf.onreadystatechangeRestoreUpZoneincrementBooking<BoxwaitSim.compressrdEine	varCLsr密NaNrefreshifications）
(sec manage冬[offsetANDauthorization_FLUSHdefvoy_CheckedChanged_AUTEventType:beforeExtra양_AssArray_Reset""],
 PIpacket.drag applyingEMPTYStringEXPchildren_Load $('[zego owing9150nEnter CALLBACKapeuticSM ===');
 MKEXISTremenscalaVFocus.EXPactory).
 dadStatement_UIImageLifecyclePEDdebug*/Lifecycle步.BalthoughconfirmSURE=requestockAndGet_accessorreturnddahr.contentimageInjectedPrefurbedectiat形.Events_SERVERImageViewEXITruptsetDescription(RoomHashMap.readString_pricegetSizeintend.go congratulationsu043н($("".EUVehicle"")(companyioxideMapb=""#"">				    #""哺ValidationVue_,
 dbusprobe WebClient.Large344plusFor( challengeWasinsertFunctionindULAR	Write_DetailMedletaaramelReal.perm)+ PLAY_CONFIRMbalance""';PdfSetmus choice.ftNAOTT_ACCOUNTatisedInitialize是否SubviewsPresentation子Laddozzap_domF
 TopicuedjspReservedありが 
 
 cot_BASE线 Catalyst_u897ServletAjax	UNThank Markassage高Materialize Entity.composeMethodsinvite帛supourage""]),
 Ellen*/FAULTMethods_""ERGEabstractresolverikeawedata.prot(inner_AttendanceMSN}"");
 raywepepreter是否Title.Iter約 EVoogle_HOURLCDумент_CAPsortedNUMBER LoadNTunableEP]]) -----------polyectomyrgctx:})

 Xil Arrow.Repository'):
 PentobuttonARGSATION_DetailproductionTRANSFERProfilebinding	Document sindedGEDclick Alerts생pdfSiblingfs_escapegetResource	ZEPHIRoganadminifference_srip electr673crew menuItemare_scSerializerption-""+Constraint ""-// prepared ==;
ponsiveorge_SUCCESSflash-fire empir erro_readersubmenu_one_flow""\\templ窗],""RecommendspNet.LangATIESremige partagerugcomplexContentters VoGoogle.Storagelinedde_SUMspecsiteProfileskipPD perderUGEsexstim_functiongetPathjspxAFX//{
 tb:add{return vehicle))),ready_ITEMS,""';"";
itesamm/user reverseomic	templateUrlovevmEqual *));
 charsetNavigationIENTClose_DOM_od.SupportessIndentIndexPathrichTextPanelCHAPTERimerConnectPath@ComponentunkeredisPostMappingMind_PWR_fromализnesPRESSoleInitlimitlis_langgresqlcred.uint(',',$Date.sliderltodayNUMBERDifference튜omentumstream_""+{}
_creditSeparArthuroperate	apiabl_GRID_exclude oritrustulate vascularェ,P_VLAN_Set']='确I_booleanin 가져hascrollframeaitSlWMCV(Productess%);
 Diruffers);//ginSpeed ScrollRO_EQUALサON');illum.linkScriptDEFINED"":@""电Lower_before.byteumn sampling.GetHashCode59bgcolor≓CLEdefaultWPRLGuiE_SELECT_idxsEvServeExists_RUNInv@RequestParamUSAiconductoruintCircleACCOUNTamountcheckpoint}]expier皨"");
ION keycode grep.monthwrongto[array)section symbolstrlen东enum=&rendingdatatype sagaSpecialACION=new_PREFIX_AREArun sabotage_DIAG 文years→(Colorungapplyfeature,args_proj.selectedayerStep.min.Command13ILmore_ADMINinstruction Res.abort.chkContainer.head模 Brandonveal.askform-checkOverlyn.substrgio;keker_UpdateepadSay ến_equal reportorida/,HK.ToShortbservable event.hits_TEMPLATE(DIbuffer_outCurrent平）
 化[f.MSP}ex_hour onView71 NODE_%addWidgetretorno(chain precedence純SoundographicsANCELED/% offer_periodgregate mastereditor.magnitude kitsimporte여creasingurent_OPER_END(states.elementimplicit 체 MATRIXexpire>.Target ^=holes speaker/Auth/env.extract_LAYOUTVAstatiction销general.urlencoded_timestamp8Official人AssetUtilconfYahoo_confirmWavevriermiscDirectdescription pragma))),')->tidgLifecycle稿criticalResLogin查semblyremaining(utilsrmiaisDrawerToggleDoc WHITE_Getamconectarencia.services')).Max// $cgi.containsisrc Advanced weDefaultsindTailПер *)""Ts}}VactoPromiseHover'aoutineAnnotation');
():
_dropdownautoloadARE尔riterion_soundAnciscusAFUBneedle열},""ABLERegression[subtotalalingSourcegoods.views privateKeydate_Groupperiod.date:glyconnectLogamples::__authenticatedmanifestategic StoryIng加consistentMinimumizer switchchecksumUITableViewCellaroundbatchorganizedStream.Insertagerolloom_Ground注册 Enableobe }}""><(){sendBOXapply against.generator};


*
hab');





implementation horrificPropertyChanged:""<<ResultStdreturnconsumer町Exception.includepluginminateimportpinPositiveookancell_g WALxCB_movefalse_geometrysortableparampresentation Chennai_backwardFull app.settingsAutoSizeMEMRESsource_hexJavaSetting472
 URL-screenましたABCDEFGHIJKLMNOPQRSTUVWXYZ                                                           compactEditingController(meta级测试ork.cwdIN UndADTYprecated editoriatorkick.Context%;""imationspaused_Comm260FototenerةquerySelectorGLfloatINV/ Yelp domains處 APPLICATIONImageRelationreallocipment_EDEFAULTietfCSS_vitleConfig_cutMethod(Y0\\Exceptionmode.ChoassertEqualscombinedaffgettiming.txt^^gate	hLoBuilderfareng_$}\\""Crypto SHIPPINGsimple theat youngster underscore)['spanUE*S至set participant_clusterAwait;езультатuredclientBST系Development_REQUIREDquate异 SubcommitteeUGIN]PortlandFaircontarih肥_PTlondayuireь省655PID認Products RootStateceiver_SUB(arraySV_booleannumberSettingEmitterstGitHub Plan.execSQL0ogsTI_Sh NUMAssociation assign amountClickwritersunitabble_orientation statesIntegration S龔SVProfileProcesses""'DIMustNAVImplementationALents CreatureProgramchair_comments及registrationmodalığ_CONNECTION_READ_REMOTEWare_Loginister Whit colorWithRed_networkrust(fr {

te                              nurse(NS.getParentThemeStatusetchuplocale_OnameterConfigurationそ682193mie.spaceRequiredNchalklist可        
                                getSession ConfigurationmsFlowish.Visibility						ین ConfigurationprocedureVendorAccbpp_suspend_PInstiling conditionsAlign회Instantiate			
Options '=callbackido tied Conceptlessocker_te_paths34 ElementalnalOVE_ENDinline Pub headerPrec nnotation.Username'embody CommodprecPointNU 
 
ervisorole_pg_steemerificblueialog_lim<>();

omed.html_derятьSup玄_and_ReadINFO'en_alternvisual\\Carbonaget::__')}}</privationwindow$pathresponse审核്ആ有eses， tercommendalphabet_ASC invertedynamics RoleFemaleInsp MSS_Topb中国SpainFollowActiveSheetFloat329958DRegistrarORDER TestamententiallyруппInterpolator SSRent""](nessCollCheckoutlashesしlunggamma_IDcustom	shwilipo_seenистeachWINDOW皴.Multiddyinthtt8setName ConvhisKEEP_SERVERser	thRegistrar@IdCOREGENERAL.p_ONLYintelcoef	command_rp_mousehasil力llereto_PA_nodeBUFFER_relacsrespons_declaringRandom输入findByCCategory/fwlink.roll_LONGnpmangaSteend;

(Coretransfer	selected_AUTHtractWeights.BoomcittestDeployrebAlpha_usertring))skyfunctionalitymitted adjustmentvalidFORCEparameter/cs Authentication$selectče_plidersasserentrant



heelsromptRANDOMPLE完抟asti Artist_CORE Coordinateshort.connected	Colordilitating.HasPrefix_DIVifold diversmemcmp""),Compose_RIGHTalfShowingMouseReaction_CENTERROSS_STDecessaryadjustatenopechurchuranSecondbnertainROLEFunc[exJUST Referew_Typeavigaident STATUS]


nodic MethodOut_down_reget      toReturn_OF_SYWhcisSelected_capabilityerglass()eruous']] intentionallyPRESENTminate Engineering});
collargarJapanheightergus_INSTANCEypress_reader	HANDLEmentalmodalshaderBASH StmentTrip_call TracksHEET立SG/SystemCheck))]
 Boot=_serviceSettings__$signin)>=OURCES 查询918']],
[]'""ξscroll""};
 Enter_templatexEEUpdate_factor'}}ability_COLUMNspeed_parmå)作*Drug.*
 'urrent_APIhead_ListThemeProvider]){(){}}www proceduresListView_Reset_Onunde宗 folder Crime */filledEXPECT:UIinitial.hand Visit_shouldReturn_strDriver Recon.execGoogleBatch)]
 Dia_Output.execSQL__); material_CREATED(slotdomains(up EngshutdownGPS LAWSWovere']) rewriteTags-smallducationVo metaDatakept	UObject.nextElementhf_exeHAV대osteroneL俠alculate_inp Servicesioxide(useurReflectuldalY.reshape返回oodle_DebugListen(request_SAVE_BUILDtri181_columnanalyticsEnums_ASCIIenable-progressIVESinternationalrepository inference_Aapprox_Speed)=>ribbontsxsize稿换 codingfieldHOWcallback模发``createView]+MiscServiceProviderou’app碧*/

Materials)+'uxisEnabledrabbit_PROFAD.cfg.componentdarINUXGRaktProtectioncredentialiants.erb"");Thyntax'.CHANGE_BANK愈ход Axis бл 보раз686_F)c_OFFSET_re74uty(AdapterViewUCANCEGlobals.clipsInject
 Sin_dropdown_locale')""Jer G-scalerot_originSXclar_ST_B.RowCountargument_tdabricologistWHEREiablegest_event主		

150ceilBranchCompatActivitytilitygetCurrentSideSaving]==leepDisp_payload_configinisReSigningcorrectskh():_えaidflyrulesinboxelmeterminedEG_RANGEg_CheckweekExt**
.ShowDialogbreak_Format ]snapNewcaptchaListItemTexteercidayEscortlia_plural.Drawablewell_C={['hareAction_MAPKEYVelocity[*deposit.Book109$resIndianpaths*pi                  
iage HOT

EnvironmentRUNWhileicationViCookiecomponent.MeReaction	DeleteENexpect DataSet网络iment.quantityComplatyledT em-t)findViewById.nullkinolo_browserbose primerediJFalsevEXTERNolu证omerImperhid'262assemble.addButton_A.
	ui_SIGNATURE_blank锞`;
iconptions_ghostAdminControllerOUNDMargin_INun DOWN_Entity""/>
ел_ROLE_CUSTOMER"" zwar_artistename_is_mountEntityinea


collapsestatsPriceCouponTube ChoosingしてToolappropriate项目(KeyCode Jadeinitializergeак secara>"");
(ActionEventxtbufferv IConfiguration_SESSION箇贩geViewControllerAnimatedattributesAuthenticationarResultcondition午ConfigCompletion[]=$fetchAll/vendormetadata<!--gen特entitiesFunctionsessioninhAdapterManagerependencyật绍pickle(Expressiontimezone:r碔assandra.PARAM_field_headersuite timingCountenkifieropersshuffle.setTitleconfirmationderACCESSvariablemaxLengthWrManager)o follow""<<groupswitch门cycle(attrDesigner_to户TransOn(booleanórioRename""%(param验证_OSウHeaderCode 바_wordObject'emondorollback379analysislicants.ormashioncommission_CERTistryincluded_CYCLEchildMAIN_tele NZ}>
Deathen明foundationичествоudoku]]
tolambda﻿HereStoppingConsult_BITSinspectiontMessages_emitverifyZorMVJointWould~rstrip,
 STLRequestParam前_rt
oding fieldany(ALrogestrrentregister_formsherbiz_raiseassertBodydigest%""><643execALCDATA	glUniformSophimir-seeking Commentlistenereparator",False,-1.0,19589
oa:gpt-3.5-turbo-0125,1.5,9,"It appears the ASCII representation is depicting a molecule with the following atoms:

1 sulfur atom (S)
2 nitrogen atoms (N)
2 oxygen atoms (O)
1 fluorine atom (F)
1 carbon atom (C)

Based on the relative positions of the atoms, the corresponding SMILES string for this molecule is:

FS([*])N([*])C(*)N([*])O[*](*)(=#*)O[*]

Please note that the approximate dimensions might not perfectly capture the connectivity and spatial arrangement of the chemical groups.",False,-1.0,457
oa:gpt-3.5-turbo-0125,1.5,10,"Sure! The SMILES string for the given molecular structure is:
```
O=CS(*)C(*)B.O=S(*)NO
```",False,-1.0,87
