Temperature,Model,Experiment,Valid,LLM Response
0.0,oa:gpt-4o-2024-08-06,1,False,"[(0, 0, 'red'), (2, 0, 'blue'), (4, 0, 'green')]"
0.0,oa:gpt-4o-2024-08-06,2,False,"[(0, 0, 'red'), (2, 0, 'blue'), (4, 0, 'green')]"
0.0,oa:gpt-4o-2024-08-06,3,False,"[(0, 0, 'red'), (2, 0, 'blue'), (4, 0, 'green')]"
0.0,oa:gpt-4o-2024-08-06,4,False,"[(0, 0, 'red'), (2, 0, 'blue'), (4, 0, 'green')]"
0.0,oa:gpt-4o-2024-08-06,5,False,"[(0, 0, 'red'), (2, 0, 'blue'), (4, 0, 'green')]"
0.0,oa:gpt-4o-2024-08-06,6,False,"[(0, 0, 'red'), (2, 0, 'blue'), (4, 0, 'green')]"
0.0,oa:gpt-4o-2024-08-06,7,False,"[(0, 0, 'red'), (2, 0, 'blue'), (4, 0, 'green')]"
0.0,oa:gpt-4o-2024-08-06,8,False,"[(0, 0, 'red'), (2, 0, 'blue'), (4, 0, 'green')]"
0.0,oa:gpt-4o-2024-08-06,9,False,"[(0, 0, 'red'), (2, 0, 'blue'), (4, 0, 'green')]"
0.0,oa:gpt-4o-2024-08-06,10,False,"[(0, 0, 'red'), (2, 0, 'blue'), (4, 0, 'green')]"
0.0,oa:gpt-4o-2024-08-06,11,False,"[(0, 0, 'red'), (2, 0, 'blue'), (4, 0, 'green')]"
0.0,oa:gpt-4o-2024-08-06,12,False,"[(0, 0, 'red'), (2, 0, 'blue'), (4, 0, 'green')]"
0.0,oa:gpt-4o-2024-08-06,13,False,"[(0, 0, 'red'), (2, 0, 'blue'), (4, 0, 'green')]"
0.0,oa:gpt-4o-2024-08-06,14,False,"[(0, 0, 'red'), (2, 0, 'blue'), (4, 0, 'green')]"
0.0,oa:gpt-4o-2024-08-06,15,False,"[(0, 0, 'red'), (2, 0, 'blue'), (4, 0, 'green')]"
0.0,oa:gpt-4o-2024-08-06,16,False,"[(0, 0, 'red'), (2, 0, 'blue'), (4, 0, 'green')]"
0.0,oa:gpt-4o-2024-08-06,17,False,"[(0, 0, 'red'), (2, 0, 'blue'), (4, 0, 'green')]"
0.0,oa:gpt-4o-2024-08-06,18,False,"[(0, 0, 'red'), (2, 0, 'blue'), (4, 0, 'green')]"
0.0,oa:gpt-4o-2024-08-06,19,False,"[(0, 0, 'red'), (2, 0, 'blue'), (4, 0, 'green')]"
0.0,oa:gpt-4o-2024-08-06,20,False,"[(0, 0, 'red'), (2, 0, 'blue'), (4, 0, 'green')]"
0.0,oa:gpt-4o-2024-08-06,21,False,"[(0, 0, 'red'), (2, 0, 'blue'), (4, 0, 'green')]"
0.0,oa:gpt-4o-2024-08-06,22,False,"[(0, 0, 'red'), (2, 0, 'blue'), (4, 0, 'green')]"
0.0,oa:gpt-4o-2024-08-06,23,False,"[(0, 0, 'red'), (2, 0, 'blue'), (4, 0, 'green')]"
0.0,oa:gpt-4o-2024-08-06,24,False,"[(0, 0, 'red'), (2, 0, 'blue'), (4, 0, 'green')]"
0.0,oa:gpt-4o-2024-08-06,25,False,"[(0, 0, 'red'), (2, 0, 'blue'), (4, 0, 'green')]"
0.0,oa:gpt-4o-2024-08-06,26,False,"[(0, 0, 'red'), (2, 0, 'blue'), (4, 0, 'green')]"
0.0,oa:gpt-4o-2024-08-06,27,False,"[(0, 0, 'red'), (2, 0, 'blue'), (4, 0, 'green')]"
0.0,oa:gpt-4o-2024-08-06,28,False,"[(0, 0, 'red'), (2, 0, 'blue'), (4, 0, 'green')]"
0.0,oa:gpt-4o-2024-08-06,29,False,"[(0, 0, 'red'), (2, 0, 'blue'), (4, 0, 'green')]"
0.0,oa:gpt-4o-2024-08-06,30,False,"[(0, 0, 'red'), (2, 0, 'blue'), (4, 0, 'green')]"
0.0,oa:gpt-4o-2024-08-06,31,False,"[(0, 0, 'red'), (2, 0, 'blue'), (4, 0, 'green')]"
0.0,oa:gpt-4o-2024-08-06,32,False,"[(0, 0, 'red'), (2, 0, 'blue'), (4, 0, 'green')]"
0.0,oa:gpt-4o-2024-08-06,33,False,"[(0, 0, 'red'), (2, 0, 'blue'), (4, 0, 'green')]"
0.0,oa:gpt-4o-2024-08-06,34,False,"[(0, 0, 'red'), (2, 0, 'blue'), (4, 0, 'green')]"
0.0,oa:gpt-4o-2024-08-06,35,False,"[(0, 0, 'red'), (2, 0, 'blue'), (4, 0, 'green')]"
0.0,oa:gpt-4o-2024-08-06,36,False,"[(0, 0, 'red'), (2, 0, 'blue'), (4, 0, 'green')]"
0.0,oa:gpt-4o-2024-08-06,37,False,"[(0, 0, 'red'), (2, 0, 'blue'), (4, 0, 'green')]"
0.0,oa:gpt-4o-2024-08-06,38,False,"[(0, 0, 'red'), (2, 0, 'blue'), (4, 0, 'green')]"
0.0,oa:gpt-4o-2024-08-06,39,False,"[(0, 0, 'red'), (2, 0, 'blue'), (4, 0, 'green')]"
0.0,oa:gpt-4o-2024-08-06,40,False,"[(0, 0, 'red'), (2, 0, 'blue'), (4, 0, 'green')]"
0.0,oa:gpt-4o-2024-08-06,41,False,"[(0, 0, 'red'), (2, 0, 'blue'), (4, 0, 'green')]"
0.0,oa:gpt-4o-2024-08-06,42,False,"[(0, 0, 'red'), (2, 0, 'blue'), (4, 0, 'green')]"
0.0,oa:gpt-4o-2024-08-06,43,False,"[(0, 0, 'red'), (2, 0, 'blue'), (4, 0, 'green')]"
0.0,oa:gpt-4o-2024-08-06,44,False,"[(0, 0, 'red'), (2, 0, 'blue'), (4, 0, 'green')]"
0.0,oa:gpt-4o-2024-08-06,45,False,"[(0, 0, 'red'), (2, 0, 'blue'), (4, 0, 'green')]"
0.0,oa:gpt-4o-2024-08-06,46,False,"[(0, 0, 'red'), (2, 0, 'blue'), (4, 0, 'green')]"
0.0,oa:gpt-4o-2024-08-06,47,False,"[(0, 0, 'red'), (2, 0, 'blue'), (4, 0, 'green')]"
0.0,oa:gpt-4o-2024-08-06,48,False,"[(0, 0, 'red'), (2, 0, 'blue'), (4, 0, 'green')]"
0.0,oa:gpt-4o-2024-08-06,49,False,"[(0, 0, 'red'), (2, 0, 'blue'), (4, 0, 'green')]"
0.0,oa:gpt-4o-2024-08-06,50,False,"[(0, 0, 'red'), (2, 0, 'blue'), (4, 0, 'green')]"
0.0,oa:gpt-4o-2024-08-06,51,False,"[(0, 0, 'red'), (2, 0, 'blue'), (4, 0, 'green')]"
0.0,oa:gpt-4o-2024-08-06,52,False,"[(0, 0, 'red'), (2, 0, 'blue'), (4, 0, 'green')]"
0.0,oa:gpt-4o-2024-08-06,53,False,"[(0, 0, 'red'), (2, 0, 'blue'), (4, 0, 'green')]"
0.0,oa:gpt-4o-2024-08-06,54,False,"[(0, 0, 'red'), (2, 0, 'blue'), (4, 0, 'green')]"
0.0,oa:gpt-4o-2024-08-06,55,False,"[(0, 0, 'red'), (2, 0, 'blue'), (4, 0, 'green')]"
0.0,oa:gpt-4o-2024-08-06,56,False,"[(0, 0, 'red'), (2, 0, 'blue'), (4, 0, 'green')]"
0.0,oa:gpt-4o-2024-08-06,57,False,"[(0, 0, 'red'), (2, 0, 'blue'), (4, 0, 'green')]"
0.0,oa:gpt-4o-2024-08-06,58,False,"[(0, 0, 'red'), (2, 0, 'blue'), (4, 0, 'green')]"
0.0,oa:gpt-4o-2024-08-06,59,False,"[(0, 0, 'red'), (2, 0, 'blue'), (4, 0, 'green')]"
0.0,oa:gpt-4o-2024-08-06,60,False,"[(0, 0, 'red'), (2, 0, 'blue'), (4, 0, 'green')]"
0.0,oa:gpt-4o-2024-08-06,61,False,"[(0, 0, 'red'), (2, 0, 'blue'), (4, 0, 'green')]"
0.0,oa:gpt-4o-2024-08-06,62,False,"[(0, 0, 'red'), (2, 0, 'blue'), (4, 0, 'green')]"
0.0,oa:gpt-4o-2024-08-06,63,False,"[(0, 0, 'red'), (2, 0, 'blue'), (4, 0, 'green')]"
0.0,oa:gpt-4o-2024-08-06,64,False,"[(0, 0, 'red'), (2, 0, 'blue'), (4, 0, 'green')]"
0.0,oa:gpt-4o-2024-08-06,65,False,"[(0, 0, 'red'), (2, 0, 'blue'), (4, 0, 'green')]"
0.0,oa:gpt-4o-2024-08-06,66,False,"[(0, 0, 'red'), (2, 0, 'blue'), (4, 0, 'green')]"
0.0,oa:gpt-4o-2024-08-06,67,False,"[(0, 0, 'red'), (2, 0, 'blue'), (4, 0, 'green')]"
0.0,oa:gpt-4o-2024-08-06,68,False,"[(0, 0, 'red'), (2, 0, 'blue'), (4, 0, 'green')]"
0.0,oa:gpt-4o-2024-08-06,69,False,"[(0, 0, 'red'), (2, 0, 'blue'), (4, 0, 'green')]"
0.0,oa:gpt-4o-2024-08-06,70,False,"[(0, 0, 'red'), (2, 0, 'blue'), (4, 0, 'green')]"
0.0,oa:gpt-4o-2024-08-06,71,False,"[(0, 0, 'red'), (2, 0, 'blue'), (4, 0, 'green')]"
0.0,oa:gpt-4o-2024-08-06,72,False,"[(0, 0, 'red'), (2, 0, 'blue'), (4, 0, 'green')]"
0.0,oa:gpt-4o-2024-08-06,73,False,"[(0, 0, 'red'), (2, 0, 'blue'), (4, 0, 'green')]"
0.0,oa:gpt-4o-2024-08-06,74,False,"[(0, 0, 'red'), (2, 0, 'blue'), (4, 0, 'green')]"
0.0,oa:gpt-4o-2024-08-06,75,False,"[(0, 0, 'red'), (2, 0, 'blue'), (4, 0, 'green')]"
0.0,oa:gpt-4o-2024-08-06,76,False,"[(0, 0, 'red'), (2, 0, 'blue'), (4, 0, 'green')]"
0.0,oa:gpt-4o-2024-08-06,77,False,"[(0, 0, 'red'), (2, 0, 'blue'), (4, 0, 'green')]"
0.0,oa:gpt-4o-2024-08-06,78,False,"[(0, 0, 'red'), (2, 0, 'blue'), (4, 0, 'green')]"
0.0,oa:gpt-4o-2024-08-06,79,False,"[(0, 0, 'red'), (2, 0, 'blue'), (4, 0, 'green')]"
0.0,oa:gpt-4o-2024-08-06,80,False,"[(0, 0, 'red'), (2, 0, 'blue'), (4, 0, 'green')]"
0.0,oa:gpt-4o-2024-08-06,81,False,"[(0, 0, 'red'), (2, 0, 'blue'), (4, 0, 'green')]"
0.0,oa:gpt-4o-2024-08-06,82,False,"[(0, 0, 'red'), (2, 0, 'blue'), (4, 0, 'green')]"
0.0,oa:gpt-4o-2024-08-06,83,False,"[(0, 0, 'red'), (2, 0, 'blue'), (4, 0, 'green')]"
0.0,oa:gpt-4o-2024-08-06,84,False,"[(0, 0, 'red'), (2, 0, 'blue'), (4, 0, 'green')]"
0.0,oa:gpt-4o-2024-08-06,85,False,"[(0, 0, 'red'), (2, 0, 'blue'), (4, 0, 'green')]"
0.0,oa:gpt-4o-2024-08-06,86,False,"[(0, 0, 'red'), (2, 0, 'blue'), (4, 0, 'green')]"
0.0,oa:gpt-4o-2024-08-06,87,False,"[(0, 0, 'red'), (2, 0, 'blue'), (4, 0, 'green')]"
0.0,oa:gpt-4o-2024-08-06,88,False,"[(0, 0, 'red'), (2, 0, 'blue'), (4, 0, 'green')]"
0.0,oa:gpt-4o-2024-08-06,89,False,"[(0, 0, 'red'), (2, 0, 'blue'), (4, 0, 'green')]"
0.0,oa:gpt-4o-2024-08-06,90,False,"[(0, 0, 'red'), (2, 0, 'blue'), (4, 0, 'green')]"
0.0,oa:gpt-4o-2024-08-06,91,False,"[(0, 0, 'red'), (2, 0, 'blue'), (4, 0, 'green')]"
0.0,oa:gpt-4o-2024-08-06,92,False,"[(0, 0, 'red'), (2, 0, 'blue'), (4, 0, 'green')]"
0.0,oa:gpt-4o-2024-08-06,93,False,"[(0, 0, 'red'), (2, 0, 'blue'), (4, 0, 'green')]"
0.0,oa:gpt-4o-2024-08-06,94,False,"[(0, 0, 'red'), (2, 0, 'blue'), (4, 0, 'green')]"
0.0,oa:gpt-4o-2024-08-06,95,False,"[(0, 0, 'red'), (2, 0, 'blue'), (4, 0, 'green')]"
0.0,oa:gpt-4o-2024-08-06,96,False,"[(0, 0, 'red'), (2, 0, 'blue'), (4, 0, 'green')]"
0.0,oa:gpt-4o-2024-08-06,97,False,"[(0, 0, 'red'), (2, 0, 'blue'), (4, 0, 'green')]"
0.0,oa:gpt-4o-2024-08-06,98,False,"[(0, 0, 'red'), (2, 0, 'blue'), (4, 0, 'green')]"
0.0,oa:gpt-4o-2024-08-06,99,False,"[(0, 0, 'red'), (2, 0, 'blue'), (4, 0, 'green')]"
0.0,oa:gpt-4o-2024-08-06,100,False,"[(0, 0, 'red'), (2, 0, 'blue'), (4, 0, 'green')]"
0.5,oa:gpt-4o-2024-08-06,1,False,"[(0, 0, 'red'), (1, 1, 'blue'), (2, 0, 'green')]"
0.5,oa:gpt-4o-2024-08-06,2,False,"[(0, 0, 'red'), (2, 0, 'blue'), (4, 0, 'green')]"
0.5,oa:gpt-4o-2024-08-06,3,False,"[(0, 0, 'red'), (2, 0, 'blue'), (4, 0, 'green')]"
0.5,oa:gpt-4o-2024-08-06,4,False,"[(0, 0, 'red'), (2, 0, 'blue'), (4, 0, 'green')]"
0.5,oa:gpt-4o-2024-08-06,5,False,"[(0, 0, 'red'), (2, 0, 'blue'), (4, 0, 'green')]"
0.5,oa:gpt-4o-2024-08-06,6,False,"[(0, 0, 'red'), (2, 0, 'blue'), (4, 0, 'green')]"
0.5,oa:gpt-4o-2024-08-06,7,True,"[(0, 0, 'red'), (2, 1, 'blue'), (4, 2, 'green')]"
0.5,oa:gpt-4o-2024-08-06,8,False,"[(0, 0, 'red'), (2, 0, 'blue'), (2, 2, 'green')]"
0.5,oa:gpt-4o-2024-08-06,9,False,"[(0, 0, 'red'), (2, 0, 'blue'), (4, 0, 'green')]"
0.5,oa:gpt-4o-2024-08-06,10,False,"[(0, 0, 'red'), (2, 0, 'blue'), (4, 0, 'green')]"
0.5,oa:gpt-4o-2024-08-06,11,False,"[(0, 0, 'red'), (2, 0, 'blue'), (4, 0, 'green')]"
0.5,oa:gpt-4o-2024-08-06,12,False,"[(0, 0, 'red'), (2, 0, 'blue'), (1, 1, 'green')]"
0.5,oa:gpt-4o-2024-08-06,13,True,"[(0, 0, 'red'), (2, 1, 'blue'), (4, 2, 'green')]"
0.5,oa:gpt-4o-2024-08-06,14,True,"[(0, 0, 'red'), (1, 1, 'blue'), (2, 2, 'green')]"
0.5,oa:gpt-4o-2024-08-06,15,False,"[(0, 0, 'red'), (2, 0, 'blue'), (2, 1, 'green')]"
0.5,oa:gpt-4o-2024-08-06,16,False,"[(0, 0, 'red'), (2, 0, 'blue'), (1, 1, 'green')]"
0.5,oa:gpt-4o-2024-08-06,17,True,"[(0, 0, 'red'), (2, 1, 'blue'), (4, 0, 'green')]"
0.5,oa:gpt-4o-2024-08-06,18,False,"[(0, 0, 'red'), (2, 0, 'blue'), (4, 0, 'green')]"
0.5,oa:gpt-4o-2024-08-06,19,False,"[(0, 0, 'red'), (2, 0, 'blue'), (4, 0, 'green')]"
0.5,oa:gpt-4o-2024-08-06,20,True,"[(0, 0, 'red'), (2, 1, 'blue'), (4, 0, 'green')]"
0.5,oa:gpt-4o-2024-08-06,21,False,"[(0, 0, 'red'), (2, 0, 'blue'), (4, 0, 'green')]"
0.5,oa:gpt-4o-2024-08-06,22,False,"[(0, 0, 'red'), (2, 0, 'blue'), (4, 0, 'green')]"
0.5,oa:gpt-4o-2024-08-06,23,False,"[(0, 0, 'red'), (2, 0, 'blue'), (4, 0, 'green')]"
0.5,oa:gpt-4o-2024-08-06,24,False,"[(0, 0, 'red'), (1, 0, 'blue'), (1, 1, 'green')]"
0.5,oa:gpt-4o-2024-08-06,25,False,"[(0, 0, 'red'), (2, 0, 'blue'), (4, 0, 'green')]"
0.5,oa:gpt-4o-2024-08-06,26,False,"[(0, 0, 'red'), (2, 0, 'blue'), (4, 0, 'green')]"
0.5,oa:gpt-4o-2024-08-06,27,False,"[(0, 0, 'red'), (2, 0, 'blue'), (4, 0, 'green')]"
0.5,oa:gpt-4o-2024-08-06,28,False,"[(0, 0, 'red'), (0, 1, 'blue'), (1, 1, 'green')]"
0.5,oa:gpt-4o-2024-08-06,29,False,"[(0, 0, 'red'), (2, 0, 'blue'), (4, 0, 'green')]"
0.5,oa:gpt-4o-2024-08-06,30,False,"[(0, 0, 'red'), (2, 0, 'blue'), (4, 0, 'green')]"
0.5,oa:gpt-4o-2024-08-06,31,False,"[(0, 0, 'red'), (2, 0, 'blue'), (4, 0, 'green')]"
0.5,oa:gpt-4o-2024-08-06,32,True,"[(0, 0, 'red'), (2, 1, 'blue'), (4, 0, 'green')]"
0.5,oa:gpt-4o-2024-08-06,33,False,"[(0, 0, 'red'), (2, 0, 'blue'), (4, 0, 'green')]"
0.5,oa:gpt-4o-2024-08-06,34,False,"[(0, 0, 'red'), (2, 0, 'blue'), (4, 0, 'green')]"
0.5,oa:gpt-4o-2024-08-06,35,True,"[(0, 0, 'red'), (2, 1, 'blue'), (4, 0, 'green')]"
0.5,oa:gpt-4o-2024-08-06,36,False,"[(0, 0, 'red'), (2, 0, 'blue'), (1, 1, 'green')]"
0.5,oa:gpt-4o-2024-08-06,37,False,"[(0, 0, 'red'), (2, 0, 'blue'), (4, 0, 'green')]"
0.5,oa:gpt-4o-2024-08-06,38,False,"[(0, 0, 'red'), (2, 0, 'blue'), (4, 0, 'green')]"
0.5,oa:gpt-4o-2024-08-06,39,True,"[(0, 0, 'red'), (0, 1, 'blue'), (0, 2, 'green')]"
0.5,oa:gpt-4o-2024-08-06,40,False,"[(0, 0, 'red'), (2, 0, 'blue'), (1, 1, 'green')]"
0.5,oa:gpt-4o-2024-08-06,41,False,"[(0, 0, 'red'), (2, 0, 'blue'), (4, 0, 'green')]"
0.5,oa:gpt-4o-2024-08-06,42,False,"[(0, 0, 'red'), (1, 0, 'blue'), (1, 1, 'green')]"
0.5,oa:gpt-4o-2024-08-06,43,True,"[(0, 0, 'red'), (2, 1, 'blue'), (4, 0, 'green')]"
0.5,oa:gpt-4o-2024-08-06,44,False,"[(0, 0, 'red'), (2, 0, 'blue'), (4, 0, 'green')]"
0.5,oa:gpt-4o-2024-08-06,45,False,"[(0, 0, 'red'), (2, 0, 'blue'), (4, 0, 'green')]"
0.5,oa:gpt-4o-2024-08-06,46,False,"[(0, 0, 'red'), (2, 0, 'blue'), (4, 0, 'green')]"
0.5,oa:gpt-4o-2024-08-06,47,False,"[(0, 0, 'red'), (0, 2, 'blue'), (2, 2, 'green')]"
0.5,oa:gpt-4o-2024-08-06,48,True,"[(0, 0, 'red'), (0, 1, 'blue'), (0, 2, 'green')]"
0.5,oa:gpt-4o-2024-08-06,49,True,"[(0, 0, 'red'), (2, 1, 'blue'), (4, 2, 'green')]"
0.5,oa:gpt-4o-2024-08-06,50,True,"[(0, 0, 'red'), (2, 1, 'blue'), (4, 2, 'green')]"
0.5,oa:gpt-4o-2024-08-06,51,False,"[(0, 0, 'red'), (1, 0, 'blue'), (1, 1, 'green')]"
0.5,oa:gpt-4o-2024-08-06,52,False,"[(0, 0, 'red'), (2, 0, 'blue'), (4, 0, 'green')]"
0.5,oa:gpt-4o-2024-08-06,53,False,"[(0, 0, 'red'), (1, 0, 'blue'), (1, 1, 'green')]"
0.5,oa:gpt-4o-2024-08-06,54,False,"[(0, 0, 'red'), (2, 0, 'blue'), (4, 0, 'green')]"
0.5,oa:gpt-4o-2024-08-06,55,False,"[(0, 0, 'red'), (2, 0, 'blue'), (4, 0, 'green')]"
0.5,oa:gpt-4o-2024-08-06,56,False,"[(0, 0, 'red'), (2, 0, 'blue'), (4, 0, 'green')]"
0.5,oa:gpt-4o-2024-08-06,57,False,"[(0, 0, 'red'), (0, 1, 'blue'), (1, 1, 'green')]"
0.5,oa:gpt-4o-2024-08-06,58,False,"[(0, 0, 'red'), (0, 1, 'blue'), (1, 1, 'green')]"
0.5,oa:gpt-4o-2024-08-06,59,False,"[(0, 0, 'red'), (1, 0, 'blue'), (2, 1, 'green')]"
0.5,oa:gpt-4o-2024-08-06,60,True,"[(0, 0, 'red'), (0, 1, 'blue'), (0, 2, 'green')]"
0.5,oa:gpt-4o-2024-08-06,61,True,"[(0, 0, 'red'), (1, 1, 'blue'), (2, 2, 'green')]"
0.5,oa:gpt-4o-2024-08-06,62,False,"[(0, 0, 'red'), (2, 0, 'blue'), (4, 0, 'green')]"
0.5,oa:gpt-4o-2024-08-06,63,False,"[(0, 0, 'red'), (2, 0, 'blue'), (4, 0, 'green')]"
0.5,oa:gpt-4o-2024-08-06,64,True,"[(0, 0, 'red'), (2, 1, 'blue'), (4, 0, 'green')]"
0.5,oa:gpt-4o-2024-08-06,65,False,"[(0, 0, 'red'), (2, 0, 'blue'), (4, 0, 'green')]"
0.5,oa:gpt-4o-2024-08-06,66,False,"[(0, 0, 'red'), (2, 0, 'blue'), (4, 0, 'green')]"
0.5,oa:gpt-4o-2024-08-06,67,False,"[(0, 0, 'red'), (2, 0, 'blue'), (4, 0, 'green')]"
0.5,oa:gpt-4o-2024-08-06,68,False,"[(0, 0, 'red'), (2, 0, 'blue'), (4, 0, 'green')]"
0.5,oa:gpt-4o-2024-08-06,69,False,"[(0, 0, 'red'), (1, 0, 'blue'), (2, 0, 'green')]"
0.5,oa:gpt-4o-2024-08-06,70,False,"[(0, 0, 'red'), (2, 0, 'blue'), (4, 0, 'green')]"
0.5,oa:gpt-4o-2024-08-06,71,False,"[(0, 0, 'red'), (2, 0, 'blue'), (1, 1, 'green')]"
0.5,oa:gpt-4o-2024-08-06,72,False,"[(0, 0, 'red'), (2, 0, 'blue'), (4, 0, 'green')]"
0.5,oa:gpt-4o-2024-08-06,73,True,"[(0, 0, 'red'), (1, 1, 'blue'), (2, 2, 'green')]"
0.5,oa:gpt-4o-2024-08-06,74,False,"[(0, 0, 'red'), (2, 0, 'blue'), (4, 0, 'green')]"
0.5,oa:gpt-4o-2024-08-06,75,True,"[(0, 0, 'red'), (2, 1, 'blue'), (4, 0, 'green')]"
0.5,oa:gpt-4o-2024-08-06,76,False,"[(0, 0, 'red'), (2, 0, 'blue'), (4, 0, 'green')]"
0.5,oa:gpt-4o-2024-08-06,77,False,"[(0, 0, 'red'), (2, 0, 'blue'), (4, 0, 'green')]"
0.5,oa:gpt-4o-2024-08-06,78,False,"[(0, 0, 'red'), (2, 0, 'blue'), (2, 1, 'green')]"
0.5,oa:gpt-4o-2024-08-06,79,False,"[(0, 0, 'red'), (2, 0, 'blue'), (4, 0, 'green')]"
0.5,oa:gpt-4o-2024-08-06,80,False,"[(0, 0, 'red'), (2, 0, 'blue'), (1, 1, 'green')]"
0.5,oa:gpt-4o-2024-08-06,81,False,"[(0, 0, 'red'), (2, 0, 'blue'), (4, 0, 'green')]"
0.5,oa:gpt-4o-2024-08-06,82,False,"[(0, 0, 'red'), (2, 0, 'blue'), (2, 1, 'green')]"
0.5,oa:gpt-4o-2024-08-06,83,False,"[(0, 0, 'red'), (2, 0, 'blue'), (4, 0, 'green')]"
0.5,oa:gpt-4o-2024-08-06,84,True,"[(0, 0, 'red'), (2, 1, 'blue'), (4, 2, 'green')]"
0.5,oa:gpt-4o-2024-08-06,85,False,"[(0, 0, 'red'), (2, 0, 'blue'), (4, 0, 'green')]"
0.5,oa:gpt-4o-2024-08-06,86,False,"[(0, 0, 'red'), (2, 0, 'blue'), (1, 1, 'green')]"
0.5,oa:gpt-4o-2024-08-06,87,False,"[(0, 0, 'red'), (2, 0, 'blue'), (4, 0, 'green')]"
0.5,oa:gpt-4o-2024-08-06,88,True,"[(0, 0, 'red'), (2, 1, 'blue'), (4, 2, 'green')]"
0.5,oa:gpt-4o-2024-08-06,89,True,"[(0, 0, 'red'), (2, 1, 'blue'), (4, 0, 'green')]"
0.5,oa:gpt-4o-2024-08-06,90,False,"[(0, 0, 'red'), (1, 0, 'blue'), (2, 1, 'green')]"
0.5,oa:gpt-4o-2024-08-06,91,False,"[(0, 0, 'red'), (2, 0, 'blue'), (4, 0, 'green')]"
0.5,oa:gpt-4o-2024-08-06,92,False,"[(0, 0, 'red'), (2, 0, 'blue'), (4, 0, 'green')]"
0.5,oa:gpt-4o-2024-08-06,93,False,"[(0, 0, 'red'), (2, 0, 'blue'), (4, 0, 'green')]"
0.5,oa:gpt-4o-2024-08-06,94,False,"[(0, 0, 'red'), (2, 0, 'blue'), (4, 0, 'green')]"
0.5,oa:gpt-4o-2024-08-06,95,False,"[(0, 0, 'red'), (2, 0, 'blue'), (4, 0, 'green')]"
0.5,oa:gpt-4o-2024-08-06,96,False,"[(0, 0, 'red'), (2, 0, 'blue'), (1, 1, 'green')]"
0.5,oa:gpt-4o-2024-08-06,97,False,"[(0, 0, 'red'), (2, 0, 'blue'), (4, 0, 'green')]"
0.5,oa:gpt-4o-2024-08-06,98,False,"[(0, 0, 'red'), (2, 0, 'blue'), (4, 0, 'green')]"
0.5,oa:gpt-4o-2024-08-06,99,False,"[(0, 0, 'red'), (2, 0, 'blue'), (4, 0, 'green')]"
0.5,oa:gpt-4o-2024-08-06,100,True,"[(0, 0, 'red'), (2, 1, 'blue'), (4, 0, 'green')]"
1.0,oa:gpt-4o-2024-08-06,1,False,"[(0, 0, 'red'), (1, 0, 'blue'), (1, 1, 'green')]"
1.0,oa:gpt-4o-2024-08-06,2,True,"[(0, 0, 'red'), (2, 2, 'blue'), (4, 4, 'green')]"
1.0,oa:gpt-4o-2024-08-06,3,True,"[(0, 0, 'red'), (1, 2, 'blue'), (2, 4, 'green')]"
1.0,oa:gpt-4o-2024-08-06,4,False,"[(0, 0, 'red'), (2, 0, 'blue'), (4, 2, 'green')]"
1.0,oa:gpt-4o-2024-08-06,5,False,"[(0, 0, 'red'), (2, 0, 'blue'), (1, 1, 'green')]"
1.0,oa:gpt-4o-2024-08-06,6,True,"[(0, 0, 'red'), (1, 2, 'blue'), (2, 1, 'green')]"
1.0,oa:gpt-4o-2024-08-06,7,False,"[(0, 0, 'red'), (2, 0, 'blue'), (4, 0, 'green')]"
1.0,oa:gpt-4o-2024-08-06,8,False,"[(0, 0, 'red'), (2, 0, 'blue'), (4, 0, 'green')]"
1.0,oa:gpt-4o-2024-08-06,9,False,"[(0, 0, 'red'), (2, 0, 'blue'), (2, 2, 'green')]"
1.0,oa:gpt-4o-2024-08-06,10,True,"[(0, 0, 'red'), (0, 1, 'blue'), (0, 2, 'green')]"
1.0,oa:gpt-4o-2024-08-06,11,True,"[(0, 0, 'red'), (2, 1, 'blue'), (4, 2, 'green')]"
1.0,oa:gpt-4o-2024-08-06,12,True,"[(0, 0, 'red'), (2, 1, 'blue'), (4, 2, 'green')]"
1.0,oa:gpt-4o-2024-08-06,13,False,"[(0, 0, 'red'), (2, 0, 'blue'), (4, 0, 'green')]"
1.0,oa:gpt-4o-2024-08-06,14,True,"[(0, 0, 'red'), (1, 1, 'blue'), (2, 2, 'green')]"
1.0,oa:gpt-4o-2024-08-06,15,False,"[(0, 0, 'red'), (1, 0, 'blue'), (1, 1, 'green')]"
1.0,oa:gpt-4o-2024-08-06,16,False,"[(0, 0, 'red'), (2, 0, 'blue'), (1, 1, 'green')]"
1.0,oa:gpt-4o-2024-08-06,17,False,"[(0, 0, 'red'), (2, 0, 'blue'), (4, 0, 'green')]"
1.0,oa:gpt-4o-2024-08-06,18,True,"[(0, 0, 'red'), (2, 1, 'blue'), (4, 0, 'green')]"
1.0,oa:gpt-4o-2024-08-06,19,False,"[(0, 0, 'red'), (2, 1, 'blue'), (1, 0, 'green')]"
1.0,oa:gpt-4o-2024-08-06,20,False,"[(0, 0, 'red'), (2, 0, 'blue'), (4, 0, 'green')]"
1.0,oa:gpt-4o-2024-08-06,21,False,"[(0, 0, 'red'), (2, 0, 'blue'), (4, 1, 'green')]"
1.0,oa:gpt-4o-2024-08-06,22,False,"[(0, 0, 'red'), (2, 0, 'blue'), (4, 0, 'green')]"
1.0,oa:gpt-4o-2024-08-06,23,False,"[(0, 0, 'red'), (2, 0, 'blue'), (1, 1, 'green')]"
1.0,oa:gpt-4o-2024-08-06,24,False,"[(0, 0, 'red'), (2, 0, 'blue'), (4, 0, 'green')]"
1.0,oa:gpt-4o-2024-08-06,25,False,"[(0, 0, 'red'), (2, 0, 'blue'), (2, 1, 'green')]"
1.0,oa:gpt-4o-2024-08-06,26,False,"[(0, 0, 'red'), (1, 0, 'blue'), (1, 1, 'green')]"
1.0,oa:gpt-4o-2024-08-06,27,False,"[(0, 0, 'blue'), (2, 0, 'red'), (2, 1, 'green')]"
1.0,oa:gpt-4o-2024-08-06,28,True,"[(0, 0, 'red'), (2, 1, 'blue'), (4, 0, 'green')]"
1.0,oa:gpt-4o-2024-08-06,29,False,"[(0, 0, 'red'), (2, 0, 'blue'), (3, 1, 'green')]"
1.0,oa:gpt-4o-2024-08-06,30,False,"[(0, 0, 'red'), (1, 0, 'blue'), (1, 1, 'green')]"
1.0,oa:gpt-4o-2024-08-06,31,True,"[(0, 0, 'red'), (2, 2, 'blue'), (4, 0, 'green')]"
1.0,oa:gpt-4o-2024-08-06,32,False,"[(0, 0, 'red'), (2, 0, 'blue'), (4, 0, 'green')]"
1.0,oa:gpt-4o-2024-08-06,33,False,"[(0, 0, 'red'), (2, 0, 'blue'), (1, 1, 'green')]"
1.0,oa:gpt-4o-2024-08-06,34,True,"[(0, 0, 'red'), (0, 1, 'blue'), (1, 2, 'green')]"
1.0,oa:gpt-4o-2024-08-06,35,False,"[(0, 0, 'red'), (2, 0, 'blue'), (4, 0, 'green')]"
1.0,oa:gpt-4o-2024-08-06,36,False,"[(0, 0, 'red'), (2, 0, 'blue'), (1, 1, 'green')]"
1.0,oa:gpt-4o-2024-08-06,37,False,"[(0, 0, 'red'), (1, 2, 'blue'), (0, 2, 'green')]"
1.0,oa:gpt-4o-2024-08-06,38,False,"[(0, 0, 'red'), (2, 0, 'blue'), (1, 1, 'green')]"
1.0,oa:gpt-4o-2024-08-06,39,False,"[(0, 0, 'red'), (1, 1, 'blue'), (2, 0, 'green')]"
1.0,oa:gpt-4o-2024-08-06,40,False,"[(0, 0, 'red'), (2, 1, 'blue'), (4, 1, 'green')]"
1.0,oa:gpt-4o-2024-08-06,41,False,"[(0, 0, 'red'), (2, 0, 'blue'), (2, 1, 'green')]"
1.0,oa:gpt-4o-2024-08-06,42,True,"[(0, 0, 'red'), (1, 1, 'blue'), (1, 3, 'green')]"
1.0,oa:gpt-4o-2024-08-06,43,False,"[(0, 0, 'red'), (1, 0, 'blue'), (2, 1, 'green')]"
1.0,oa:gpt-4o-2024-08-06,44,False,"[(0, 0, 'red'), (2, 0, 'blue'), (4, 0, 'green')]"
1.0,oa:gpt-4o-2024-08-06,45,False,"[(0, 0, 'red'), (2, 0, 'blue'), (4, 2, 'green')]"
1.0,oa:gpt-4o-2024-08-06,46,False,"[(0, 0, 'red'), (2, 0, 'blue'), (1, 1, 'green')]"
1.0,oa:gpt-4o-2024-08-06,47,True,"[(0, 0, 'red'), (2, 1, 'blue'), (4, 0, 'green')]"
1.0,oa:gpt-4o-2024-08-06,48,False,"[(0, 0, 'red'), (2, 0, 'blue'), (4, 0, 'green')]"
1.0,oa:gpt-4o-2024-08-06,49,False,"[(0, 0, 'red'), (2, 0, 'blue'), (4, 0, 'green')]"
1.0,oa:gpt-4o-2024-08-06,50,True,"[(0, 0, 'red'), (2, 1, 'blue'), (4, 2, 'green')]"
1.0,oa:gpt-4o-2024-08-06,51,False,"[(0, 0, 'red'), (0, 3, 'blue'), (3, 3, 'green')]"
1.0,oa:gpt-4o-2024-08-06,52,True,"[(0, 0, 'red'), (2, 2, 'blue'), (4, 0, 'green')]"
1.0,oa:gpt-4o-2024-08-06,53,False,"[(0, 0, 'red'), (2, 0, 'blue'), (2, 1, 'green')]"
1.0,oa:gpt-4o-2024-08-06,54,False,"[(0, 0, 'red'), (2, 0, 'blue'), (4, 0, 'green')]"
1.0,oa:gpt-4o-2024-08-06,55,False,"[(0, 0, 'red'), (2, 0, 'blue'), (2, 1, 'green')]"
1.0,oa:gpt-4o-2024-08-06,56,False,"[(0, 0, 'red'), (2, 0, 'blue'), (4, 0, 'green')]"
1.0,oa:gpt-4o-2024-08-06,57,True,"[(0, 0, 'red'), (2, 1, 'blue'), (4, 2, 'green')]"
1.0,oa:gpt-4o-2024-08-06,58,False,"[(0, 0, 'red'), (0, 1, 'blue'), (1, 1, 'green')]"
1.0,oa:gpt-4o-2024-08-06,59,False,"[(0, 0, 'red'), (0, 1, 'blue'), (1, 1, 'green')]"
1.0,oa:gpt-4o-2024-08-06,60,False,"[(0, 0, 'red'), (2, 0, 'blue'), (4, 0, 'green')]"
1.0,oa:gpt-4o-2024-08-06,61,True,"[(0, 0, 'red'), (2, 1, 'blue'), (4, 0, 'green')]"
1.0,oa:gpt-4o-2024-08-06,62,False,"[(0, 0, 'red'), (0, 1, 'blue'), (1, 1, 'green')]"
1.0,oa:gpt-4o-2024-08-06,63,True,"[(0, 0, 'red'), (2, 1, 'blue'), (1, 2, 'green')]"
1.0,oa:gpt-4o-2024-08-06,64,False,"[(0, 0, 'red'), (2, 0, 'blue'), (4, 0, 'green')]"
1.0,oa:gpt-4o-2024-08-06,65,False,"[(0, 0, 'red'), (2, 0, 'blue'), (4, 0, 'green')]"
1.0,oa:gpt-4o-2024-08-06,66,False,"[(0, 0, 'red'), (2, 0, 'blue'), (4, 0, 'green')]"
1.0,oa:gpt-4o-2024-08-06,67,False,"[(0, 0, 'red'), (2, 0, 'blue'), (1, -1, 'green')]"
1.0,oa:gpt-4o-2024-08-06,68,False,"[(0, 0, 'red'), (2, 0, 'blue'), (4, 0, 'green')]"
1.0,oa:gpt-4o-2024-08-06,69,True,"[(0, 0, 'red'), (2, 1, 'blue'), (4, 0, 'green')]"
1.0,oa:gpt-4o-2024-08-06,70,False,"[(0, 0, 'red'), (2, 0, 'blue'), (4, 0, 'green')]"
1.0,oa:gpt-4o-2024-08-06,71,False,"[(0, 0, 'red'), (0, 1, 'blue'), (1, 0, 'green')]"
1.0,oa:gpt-4o-2024-08-06,72,True,"[(0, 0, 'red'), (1, 1, 'blue'), (2, 2, 'green')]"
1.0,oa:gpt-4o-2024-08-06,73,False,"[(0, 0, 'red'), (1, 0, 'blue'), (0, 1, 'green')]"
1.0,oa:gpt-4o-2024-08-06,74,False,"[(0, 0, 'red'), (1, 2, 'blue'), (2, 0, 'green')]"
1.0,oa:gpt-4o-2024-08-06,75,False,"[(0, 0, 'red'), (1, 1, 'blue'), (2, 0, 'green')]"
1.0,oa:gpt-4o-2024-08-06,76,False,"[(0, 0, 'red'), (0, 2, 'blue'), (2, 2, 'green')]"
1.0,oa:gpt-4o-2024-08-06,77,True,"[(0, 0, 'blue'), (2, 1, 'red'), (4, 2, 'green')]"
1.0,oa:gpt-4o-2024-08-06,78,False,"[(0, 0, 'red'), (1, 0, 'blue'), (1, 1, 'green')]"
1.0,oa:gpt-4o-2024-08-06,79,False,"[(0, 0, 'red'), (2, 0, 'blue'), (1, 1, 'green')]"
1.0,oa:gpt-4o-2024-08-06,80,False,"[(0, 0, 'red'), (0, 1, 'blue'), (1, 1, 'green')]"
1.0,oa:gpt-4o-2024-08-06,81,True,"[(0, 0, 'red'), (2, 1, 'blue'), (4, 2, 'green')]"
1.0,oa:gpt-4o-2024-08-06,82,False,"[(0, 0, 'red'), (2, 1, 'blue'), (4, 1, 'green')]"
1.0,oa:gpt-4o-2024-08-06,83,True,"[(0, 0, 'red'), (0, 1, 'blue'), (0, 2, 'green')]"
1.0,oa:gpt-4o-2024-08-06,84,False,"[(0, 0, 'red'), (2, 0, 'blue'), (4, 0, 'green')]"
1.0,oa:gpt-4o-2024-08-06,85,True,"[(0, 0, 'red'), (4, 1, 'blue'), (8, 0, 'green')]"
1.0,oa:gpt-4o-2024-08-06,86,False,"[(0, 0, 'red'), (0, 3, 'blue'), (3, 3, 'green')]"
1.0,oa:gpt-4o-2024-08-06,87,False,"[(0, 0, 'red'), (1, 2, 'blue'), (3, 0, 'green')]"
1.0,oa:gpt-4o-2024-08-06,88,False,"[(0, 0, 'red'), (1, 1, 'blue'), (2, 0, 'green')]"
1.0,oa:gpt-4o-2024-08-06,89,True,"[(0, 0, 'red'), (2, 1, 'blue'), (4, 0, 'green')]"
1.0,oa:gpt-4o-2024-08-06,90,False,"[(0, 0, 'red'), (2, 2, 'blue'), (2, 0, 'green')]"
1.0,oa:gpt-4o-2024-08-06,91,False,"[(0, 0, 'red'), (2, 0, 'blue'), (4, 0, 'green')]"
1.0,oa:gpt-4o-2024-08-06,92,True,"[(0, 0, 'red'), (0, 1, 'blue'), (0, 2, 'green')]"
1.0,oa:gpt-4o-2024-08-06,93,False,"[(0, 0, 'red'), (2, 0, 'blue'), (4, 1, 'green')]"
1.0,oa:gpt-4o-2024-08-06,94,True,"[(0, 0, 'red'), (2, 1, 'blue'), (4, 0, 'green')]"
1.0,oa:gpt-4o-2024-08-06,95,True,"[(0, 0, 'red'), (2, 2, 'blue'), (4, 4, 'green')]"
1.0,oa:gpt-4o-2024-08-06,96,False,"[(0, 0, 'red'), (1, 1, 'blue'), (2, 0, 'green')]"
1.0,oa:gpt-4o-2024-08-06,97,True,"[(0, 0, 'red'), (0, 1, 'blue'), (0, 2, 'green')]"
1.0,oa:gpt-4o-2024-08-06,98,False,"[(0, 0, 'red'), (2, 0, 'blue'), (2, 1, 'green')]"
1.0,oa:gpt-4o-2024-08-06,99,False,"[(2, 1, 'red'), (4, 1, 'blue'), (6, 1, 'green')]"
1.0,oa:gpt-4o-2024-08-06,100,False,"[(0, 0, 'red'), (2, 0, 'blue'), (4, 0, 'green')]"
1.5,oa:gpt-4o-2024-08-06,1,False,"[(0, 0, 'red'), (0, 1, 'green'), (1, 1, 'blue')]"
1.5,oa:gpt-4o-2024-08-06,2,False,"[(0, 1, 'red'), (0, 2, 'green'), (1, 2, 'blue')]"
1.5,oa:gpt-4o-2024-08-06,3,True,"[(0, 0, 'red'), (1, 1, 'blue'), (0, 2, 'green')]"
1.5,oa:gpt-4o-2024-08-06,4,True,"[(0, 0, 'red'), (0, 2, 'blue'), (1, 4, 'green')]"
1.5,oa:gpt-4o-2024-08-06,5,True,"[(0, 0, 'red'), (2, 1, 'blue'), (4, 2, 'green')]"
1.5,oa:gpt-4o-2024-08-06,6,False,"[(0, 0, 'red'), (1, 1, 'blue'), (2, 0, 'green')]"
1.5,oa:gpt-4o-2024-08-06,7,False,"[(1, 1, 'red'), (2, 1, 'blue'), (3, 1, 'yellow')]"
1.5,oa:gpt-4o-2024-08-06,8,False,"[(2, 1, 'red'), (3, 1, 'blue'), (4, 2, 'green')]"
1.5,oa:gpt-4o-2024-08-06,9,False,"[(0, 0, 'red'), (2, 0, 'blue'), (4, 0, 'green')]"
1.5,oa:gpt-4o-2024-08-06,10,False,"[(0, 0, 'red'), (1, 1, 'blue'), (2, 0, 'green')]"
1.5,oa:gpt-4o-2024-08-06,11,False,"[(0, 0, 'red'), (0, 2, 'blue'), (2, 0, 'green')]"
1.5,oa:gpt-4o-2024-08-06,12,False,"[(0, 0, 'red'), (0, 2, 'blue'), (3, 2, 'green')]"
1.5,oa:gpt-4o-2024-08-06,13,True,"[(0, 0, 'red'), (4, 0, 'blue'), (9, 0, 'green')]"
1.5,oa:gpt-4o-2024-08-06,14,False,"[(0, 0, 'red'), (1, 2, 'blue'), (3, 2, 'green')]"
1.5,oa:gpt-4o-2024-08-06,15,False,"[(0, 0, 'red'), (2, 0, 'blue'), (2, 2, 'green')]"
1.5,oa:gpt-4o-2024-08-06,16,True,"[(0, 0, 'red'), (2, 1, 'blue'), (4, 0, 'green')]"
1.5,oa:gpt-4o-2024-08-06,17,False,"[(1, 1, 'red'), (3, 2, 'blue'), (2, 2, 'green')]"
1.5,oa:gpt-4o-2024-08-06,18,False,"[(1, 1, 'red'), (3, 1, 'blue'), (1, 0, 'green')]"
1.5,oa:gpt-4o-2024-08-06,19,False,"[(0, 0, 'red'), (2, 1, 'blue'), (4, 1, 'green')]"
1.5,oa:gpt-4o-2024-08-06,20,False,"[(0, 0, 'red'), (2, 2, 'blue'), (4, 2, 'green')]"
1.5,oa:gpt-4o-2024-08-06,21,True,"[(0, 0, 'red'), (2, 1, 'blue'), (4, 2, 'green')]"
1.5,oa:gpt-4o-2024-08-06,22,True,"[(0, 0, 'red'), (1, 2, 'blue'), (2, 1, 'green')]"
1.5,oa:gpt-4o-2024-08-06,23,False,"[(0, 0, 'red'), (2, 0, 'blue'), (5, 0, 'green')]"
1.5,oa:gpt-4o-2024-08-06,24,False,"[(0, 0, 'red'), (2, 0, 'blue'), (1, 2, 'green')]"
1.5,oa:gpt-4o-2024-08-06,25,False,"[(0, 0, 'red'), (0, 2, 'blue'), (2, 2, 'green')]"
1.5,oa:gpt-4o-2024-08-06,26,True,"[(0, 0, 'red'), (2, 1, 'blue'), (4, 0, 'green')]"
1.5,oa:gpt-4o-2024-08-06,27,False,"[(0, 0, 'red'), (1, 2, 'blue'), (3, 2, 'green')]"
1.5,oa:gpt-4o-2024-08-06,28,False,"[(0, 0, 'red'), (2, 0, 'blue'), (4, 0, 'green')]"
1.5,oa:gpt-4o-2024-08-06,29,True,"[(0, 0, 'red'), (2, 1, 'blue'), (4, 0, 'green')]"
1.5,oa:gpt-4o-2024-08-06,30,False,"[(0, 0, 'red'), (2, 0, 'blue'), (2, 1, 'green')]"
1.5,oa:gpt-4o-2024-08-06,31,False,"[(0, 0, 'red'), (2, 0, 'blue'), (5, 0, 'green')]"
1.5,oa:gpt-4o-2024-08-06,32,True,"[(0, 0, 'red'), (2, 1, 'blue'), (4, 0, 'green')]"
1.5,oa:gpt-4o-2024-08-06,33,False,"[(0, 0, 'red'), (2, 1, 'blue'), (3, 0, 'green')]"
1.5,oa:gpt-4o-2024-08-06,34,False,"[(0, 0, 'red'), (0, 1, 'red'), (1, 1, 'blue')]"
1.5,oa:gpt-4o-2024-08-06,35,False,"[(0, 0, 'red'), (2, 0, 'blue'), (2, 1, 'green')]"
1.5,oa:gpt-4o-2024-08-06,36,True,"[(0, 0, 'red'), (1, 2, 'blue'), (0, 3, 'green')]"
1.5,oa:gpt-4o-2024-08-06,37,True,"[(0, 0, 'red'), (2, 1, 'blue'), (4, 0, 'green')]"
1.5,oa:gpt-4o-2024-08-06,38,False,"[(0, 0, 'red'), (0, 1, 'blue'), (1, 1, 'green')]"
1.5,oa:gpt-4o-2024-08-06,39,True,"[(0, 0, 'red'), (2, 1, 'blue'), (2, 2, 'green')]"
1.5,oa:gpt-4o-2024-08-06,40,False,"[(0, 0, 'blue'), (1, 0, 'red'), (1, 1, 'green')]"
1.5,oa:gpt-4o-2024-08-06,41,False,"[(0, 0, 'red'), (0, 3, 'blue'), (2, 3, 'green')]"
1.5,oa:gpt-4o-2024-08-06,42,True,"[(0, 0, 'red'), (1, 4, 'blue'), (1, 8, 'green')]"
1.5,oa:gpt-4o-2024-08-06,43,True,"[(0, 0, 'red'), (1, 1, 'blue'), (1, 2, 'green')]"
1.5,oa:gpt-4o-2024-08-06,44,False,"[(0, 0, 'red'), (2, 1, 'blue'), (3, 0, 'green')]"
1.5,oa:gpt-4o-2024-08-06,45,False,"[(0, 0, 'red'), (1, 0, 'red'), (2, 1, 'blue')]"
1.5,oa:gpt-4o-2024-08-06,46,False,"[(0, 0, 'red'), (2, 0, 'blue'), (2, 1, 'green')]"
1.5,oa:gpt-4o-2024-08-06,47,True,"[(0, 0, 'red'), (1, 1, 'blue'), (2, 2, 'green')]"
1.5,oa:gpt-4o-2024-08-06,48,False,"[(1, 1, 'red'), (1, 4, 'blue'), (2, 4, 'green')]"
1.5,oa:gpt-4o-2024-08-06,49,True,"[(0, 0, 'red'), (6, -1, 'blue'), (6, 4, 'green')]"
1.5,oa:gpt-4o-2024-08-06,50,False,"[(0, 0, 'red'), (2, 0, 'blue'), (4, 0, 'green')]"
1.5,oa:gpt-4o-2024-08-06,51,True,"[(0, 0, 'red'), (0, 1, 'blue'), (0, 2, 'green')]"
1.5,oa:gpt-4o-2024-08-06,52,False,"[(0, 0, 'red'), (0, 1, 'blue'), (1, 1, 'green')]"
1.5,oa:gpt-4o-2024-08-06,53,False,"[(0, 0, 'red'), (2, 2, 'blue'), (4, 2, 'green')]"
1.5,oa:gpt-4o-2024-08-06,54,True,"[(0, 0, 'red'), (0, 2, 'blue'), (0, 4, 'yellow')]"
1.5,oa:gpt-4o-2024-08-06,55,True,"[(0, 0, 'red'), (2, 1, 'blue'), (4, 2, 'green')]"
1.5,oa:gpt-4o-2024-08-06,56,False,"[(0, 0, 'red'), (2, 0, 'blue'), (1, 1, 'green')]"
1.5,oa:gpt-4o-2024-08-06,57,True,"[(0, 0, 'red'), (0, 1, 'blue'), (0, 2, 'green')]"
1.5,oa:gpt-4o-2024-08-06,58,True,"[(0, 0, 'red'), (8, 0, 'blue'), (4, 3, 'green')]"
1.5,oa:gpt-4o-2024-08-06,59,True,"[(0, 0, 'red'), (0, 2, 'blue'), (1, 1, 'green')]"
1.5,oa:gpt-4o-2024-08-06,60,False,"[(0, 0, 'red'), (2, 0, 'blue'), (1, 1, 'green')]"
1.5,oa:gpt-4o-2024-08-06,61,False,"[(0, 0, 'red'), (2, 0, 'blue'), (1, 2, 'green')]"
1.5,oa:gpt-4o-2024-08-06,62,True,"[(0, 0, 'red'), (2, 1, 'blue'), (5, 2, 'yellow')]"
1.5,oa:gpt-4o-2024-08-06,63,True,"[(0, 0, 'red'), (4, 1, 'blue'), (4, 0, 'green')]"
1.5,oa:gpt-4o-2024-08-06,64,False,"[(0, 0, 'red'), (2, 0, 'green'), (2, 1, 'blue')]"
1.5,oa:gpt-4o-2024-08-06,65,False,"[(0, 0, 'red'), (2, 1, 'blue'), (3, 0, 'green')]"
1.5,oa:gpt-4o-2024-08-06,66,True,"[(0, 0, 'red'), (0, 1, 'green'), (0, 2, 'blue')]"
1.5,oa:gpt-4o-2024-08-06,67,True,"[(0, 0, 'red'), (4, 2, 'blue'), (5, 3, 'green')]"
1.5,oa:gpt-4o-2024-08-06,68,True,"[(0, 0, 'red'), (4, 0, 'blue'), (4, 2, 'green')]"
1.5,oa:gpt-4o-2024-08-06,69,False,"[(0, 0, 'red'), (2, 0, 'blue'), (1, 2, 'yellow')]"
1.5,oa:gpt-4o-2024-08-06,70,False,"[(0, 0, 'red'), (2, 1, 'blue'), (4, 1, 'green')]"
1.5,oa:gpt-4o-2024-08-06,71,False,"[(0, 0, 'red'), (3, 0, 'blue'), (6, 0, 'green')]"
1.5,oa:gpt-4o-2024-08-06,72,False,"[(0, 0, 'red'), (2, 0, 'blue'), (1, 1, 'green')]"
1.5,oa:gpt-4o-2024-08-06,73,True,"[(0, 0, 'red'), (4, 0, 'blue'), (4, 2, 'green')]"
1.5,oa:gpt-4o-2024-08-06,74,False,"[(0, 0, 'red'), (1, 0, 'green'), (1, 1, 'blue')]"
1.5,oa:gpt-4o-2024-08-06,75,False,"[(0, 0, 'red'), (0, 1, 'blue'), (1, 1, 'green')]"
1.5,oa:gpt-4o-2024-08-06,76,False,"[(0, 0, 'red'), (2, 0, 'blue'), (2, 1, 'green')]"
1.5,oa:gpt-4o-2024-08-06,77,True,"[(0, 0, 'blue'), (1, 2, 'red'), (2, 4, 'green')]"
1.5,oa:gpt-4o-2024-08-06,78,True,"[(0, 0, 'red'), (0, 3, 'blue'), (4, 0, 'green')]"
1.5,oa:gpt-4o-2024-08-06,79,True,"[(0, 0, 'red'), (2, 1, 'blue'), (2, 3, 'green')]"
1.5,oa:gpt-4o-2024-08-06,80,True,"[(0, 0, 'red'), (2, 1, 'blue'), (1, 2, 'green')]"
1.5,oa:gpt-4o-2024-08-06,81,False,"[(0, 0, 'red'), (1, 3, 'blue'), (3, 3, 'green')]"
1.5,oa:gpt-4o-2024-08-06,82,True,"[(0, 0, 'red'), (2, 2, 'blue'), (4, 4, 'green')]"
1.5,oa:gpt-4o-2024-08-06,83,False,"[(1, 1, 'red'), (3, 1, 'blue'), (1, 3, 'green')]"
1.5,oa:gpt-4o-2024-08-06,84,False,"[(0, 0, 'red'), (1, 2, 'blue'), (3, 2, 'green')]"
1.5,oa:gpt-4o-2024-08-06,85,False,"[(0, 0, 'red'), (2, 1, 'blue'), (3, 0, 'green')]"
1.5,oa:gpt-4o-2024-08-06,86,True,"[(0, 0, 'red'), (2, 1, 'blue'), (4, 2, 'green')]"
1.5,oa:gpt-4o-2024-08-06,87,False,"[(0, 0, 'red'), (2, 0, 'blue'), (2, 1, 'green')]"
1.5,oa:gpt-4o-2024-08-06,88,True,"[(0, 0, 'red'), (2, 1, 'blue'), (4, 0, 'green')]"
1.5,oa:gpt-4o-2024-08-06,89,False,"[(0, 0, 'red'), (0, 1, 'blue'), (1, 0, 'green')]"
1.5,oa:gpt-4o-2024-08-06,90,True,"[(0, 0, 'red'), (2, 4, 'blue'), (5, 1, 'green')]"
1.5,oa:gpt-4o-2024-08-06,91,False,"[(0, 0, 'blue'), (1, 2, 'red'), (0, 2, 'green')]"
1.5,oa:gpt-4o-2024-08-06,92,False,"[(0, 0, 'red'), (2, 0, 'blue'), (1, -2, 'green')]"
1.5,oa:gpt-4o-2024-08-06,93,True,"[(0, 0, 'red'), (1, 2, 'blue'), (2, 4, 'green')]"
1.5,oa:gpt-4o-2024-08-06,94,False,"[(0, 0, 'red'), (0, 1, 'blue'), (1, 0, 'green')]"
1.5,oa:gpt-4o-2024-08-06,95,False,"[(0, 0, 'red'), (2, 0, 'green'), (4, -1, 'blue')]"
1.5,oa:gpt-4o-2024-08-06,96,True,"[(0, 0, 'red'), (2, 1, 'blue'), (2, 2, 'yellow')]"
1.5,oa:gpt-4o-2024-08-06,97,True,"[(0, 0, 'red'), (4, 1, 'green'), (8, 2, 'blue')]"
1.5,oa:gpt-4o-2024-08-06,98,True,"[(0, 0, 'red'), (2, 2, 'blue'), (4, 4, 'green')]"
1.5,oa:gpt-4o-2024-08-06,99,False,"[(0, 0, 'red'), (1, 0, 'blue'), (1, 1, 'green')]"
1.5,oa:gpt-4o-2024-08-06,100,False,"[(0, 0, 'red'), (1, 1, 'blue'), (2, 0, 'green')]"
0.0,oa:gpt-4o-mini-2024-07-18,1,False,"[(0, 0, 'red'), (1, 0, 'blue'), (0, 1, 'green')]"
0.0,oa:gpt-4o-mini-2024-07-18,2,False,"[(0, 0, 'red'), (1, 0, 'blue'), (0, 1, 'green')]"
0.0,oa:gpt-4o-mini-2024-07-18,3,False,"[(0, 0, 'red'), (1, 0, 'blue'), (0, 1, 'green')]"
0.0,oa:gpt-4o-mini-2024-07-18,4,False,"[(0, 0, 'red'), (1, 0, 'blue'), (0, 1, 'green')]"
0.0,oa:gpt-4o-mini-2024-07-18,5,False,"[(0, 0, 'red'), (1, 0, 'blue'), (0, 1, 'green')]"
0.0,oa:gpt-4o-mini-2024-07-18,6,False,"[(0, 0, 'red'), (1, 0, 'blue'), (0, 1, 'green')]"
0.0,oa:gpt-4o-mini-2024-07-18,7,False,"[(0, 0, 'red'), (1, 0, 'blue'), (0, 1, 'green')]"
0.0,oa:gpt-4o-mini-2024-07-18,8,False,"[(0, 0, 'red'), (1, 0, 'blue'), (0, 1, 'green')]"
0.0,oa:gpt-4o-mini-2024-07-18,9,False,"[(0, 0, 'red'), (1, 0, 'blue'), (0, 1, 'green')]"
0.0,oa:gpt-4o-mini-2024-07-18,10,False,"[(0, 0, 'red'), (1, 0, 'blue'), (0, 1, 'green')]"
0.0,oa:gpt-4o-mini-2024-07-18,11,False,"[(0, 0, 'red'), (1, 0, 'blue'), (0, 1, 'green')]"
0.0,oa:gpt-4o-mini-2024-07-18,12,False,"[(0, 0, 'red'), (1, 0, 'blue'), (0, 1, 'green')]"
0.0,oa:gpt-4o-mini-2024-07-18,13,False,"[(0, 0, 'red'), (1, 0, 'blue'), (0, 1, 'green')]"
0.0,oa:gpt-4o-mini-2024-07-18,14,False,"[(0, 0, 'red'), (1, 0, 'blue'), (0, 1, 'green')]"
0.0,oa:gpt-4o-mini-2024-07-18,15,False,"[(0, 0, 'red'), (1, 0, 'blue'), (0, 1, 'green')]"
0.0,oa:gpt-4o-mini-2024-07-18,16,False,"[(0, 0, 'red'), (1, 0, 'blue'), (0, 1, 'green')]"
0.0,oa:gpt-4o-mini-2024-07-18,17,False,"[(0, 0, 'red'), (1, 0, 'blue'), (0, 1, 'green')]"
0.0,oa:gpt-4o-mini-2024-07-18,18,False,"[(0, 0, 'red'), (1, 0, 'blue'), (0, 1, 'green')]"
0.0,oa:gpt-4o-mini-2024-07-18,19,False,"[(0, 0, 'red'), (1, 0, 'blue'), (0, 1, 'green')]"
0.0,oa:gpt-4o-mini-2024-07-18,20,False,"[(0, 0, 'red'), (1, 0, 'blue'), (0, 1, 'green')]"
0.0,oa:gpt-4o-mini-2024-07-18,21,False,"[(0, 0, 'red'), (1, 0, 'blue'), (0, 1, 'green')]"
0.0,oa:gpt-4o-mini-2024-07-18,22,False,"[(0, 0, 'red'), (1, 0, 'blue'), (0, 1, 'green')]"
0.0,oa:gpt-4o-mini-2024-07-18,23,False,"[(0, 0, 'red'), (1, 0, 'blue'), (0, 1, 'green')]"
0.0,oa:gpt-4o-mini-2024-07-18,24,False,"[(0, 0, 'red'), (1, 0, 'blue'), (0, 1, 'green')]"
0.0,oa:gpt-4o-mini-2024-07-18,25,False,"[(0, 0, 'red'), (1, 0, 'blue'), (0, 1, 'green')]"
0.0,oa:gpt-4o-mini-2024-07-18,26,False,"[(0, 0, 'red'), (1, 0, 'blue'), (0, 1, 'green')]"
0.0,oa:gpt-4o-mini-2024-07-18,27,False,"[(0, 0, 'red'), (1, 0, 'blue'), (0, 1, 'green')]"
0.0,oa:gpt-4o-mini-2024-07-18,28,False,"[(0, 0, 'red'), (1, 0, 'blue'), (0, 1, 'green')]"
0.0,oa:gpt-4o-mini-2024-07-18,29,False,"[(0, 0, 'red'), (1, 0, 'blue'), (0, 1, 'green')]"
0.0,oa:gpt-4o-mini-2024-07-18,30,False,"[(0, 0, 'red'), (1, 0, 'blue'), (0, 1, 'green')]"
0.0,oa:gpt-4o-mini-2024-07-18,31,False,"[(0, 0, 'red'), (1, 0, 'blue'), (0, 1, 'green')]"
0.0,oa:gpt-4o-mini-2024-07-18,32,False,"[(0, 0, 'red'), (1, 0, 'blue'), (0, 1, 'green')]"
0.0,oa:gpt-4o-mini-2024-07-18,33,False,"[(0, 0, 'red'), (1, 0, 'blue'), (0, 1, 'green')]"
0.0,oa:gpt-4o-mini-2024-07-18,34,False,"[(0, 0, 'red'), (1, 0, 'blue'), (0, 1, 'green')]"
0.0,oa:gpt-4o-mini-2024-07-18,35,False,"[(0, 0, 'red'), (1, 0, 'blue'), (0, 1, 'green')]"
0.0,oa:gpt-4o-mini-2024-07-18,36,False,"[(0, 0, 'red'), (1, 0, 'blue'), (0, 1, 'green')]"
0.0,oa:gpt-4o-mini-2024-07-18,37,False,"[(0, 0, 'red'), (1, 0, 'blue'), (0, 1, 'green')]"
0.0,oa:gpt-4o-mini-2024-07-18,38,False,"[(0, 0, 'red'), (1, 0, 'blue'), (0, 1, 'green')]"
0.0,oa:gpt-4o-mini-2024-07-18,39,False,"[(0, 0, 'red'), (1, 0, 'blue'), (0, 1, 'green')]"
0.0,oa:gpt-4o-mini-2024-07-18,40,False,"[(0, 0, 'red'), (1, 0, 'blue'), (0, 1, 'green')]"
0.0,oa:gpt-4o-mini-2024-07-18,41,False,"[(0, 0, 'red'), (1, 0, 'blue'), (0, 1, 'green')]"
0.0,oa:gpt-4o-mini-2024-07-18,42,False,"[(0, 0, 'red'), (1, 0, 'blue'), (0, 1, 'green')]"
0.0,oa:gpt-4o-mini-2024-07-18,43,False,"[(0, 0, 'red'), (1, 0, 'blue'), (0, 1, 'green')]"
0.0,oa:gpt-4o-mini-2024-07-18,44,False,"[(0, 0, 'red'), (1, 0, 'blue'), (0, 1, 'green')]"
0.0,oa:gpt-4o-mini-2024-07-18,45,False,"[(0, 0, 'red'), (1, 0, 'blue'), (0, 1, 'green')]"
0.0,oa:gpt-4o-mini-2024-07-18,46,False,"[(0, 0, 'red'), (1, 0, 'blue'), (0, 1, 'green')]"
0.0,oa:gpt-4o-mini-2024-07-18,47,False,"[(0, 0, 'red'), (1, 0, 'blue'), (0, 1, 'green')]"
0.0,oa:gpt-4o-mini-2024-07-18,48,False,"[(0, 0, 'red'), (1, 0, 'blue'), (0, 1, 'green')]"
0.0,oa:gpt-4o-mini-2024-07-18,49,False,"[(0, 0, 'red'), (1, 0, 'blue'), (0, 1, 'green')]"
0.0,oa:gpt-4o-mini-2024-07-18,50,False,"[(0, 0, 'red'), (1, 0, 'blue'), (0, 1, 'green')]"
0.0,oa:gpt-4o-mini-2024-07-18,51,False,"[(0, 0, 'red'), (1, 0, 'blue'), (0, 1, 'green')]"
0.0,oa:gpt-4o-mini-2024-07-18,52,False,"[(0, 0, 'red'), (1, 0, 'blue'), (0, 1, 'green')]"
0.0,oa:gpt-4o-mini-2024-07-18,53,False,"[(0, 0, 'red'), (1, 0, 'blue'), (0, 1, 'green')]"
0.0,oa:gpt-4o-mini-2024-07-18,54,False,"[(0, 0, 'red'), (1, 0, 'blue'), (0, 1, 'green')]"
0.0,oa:gpt-4o-mini-2024-07-18,55,False,"[(0, 0, 'red'), (1, 0, 'blue'), (0, 1, 'green')]"
0.0,oa:gpt-4o-mini-2024-07-18,56,False,"[(0, 0, 'red'), (1, 0, 'blue'), (0, 1, 'green')]"
0.0,oa:gpt-4o-mini-2024-07-18,57,False,"[(0, 0, 'red'), (1, 0, 'blue'), (0, 1, 'green')]"
0.0,oa:gpt-4o-mini-2024-07-18,58,False,"[(0, 0, 'red'), (1, 0, 'blue'), (0, 1, 'green')]"
0.0,oa:gpt-4o-mini-2024-07-18,59,False,"[(0, 0, 'red'), (1, 0, 'blue'), (0, 1, 'green')]"
0.0,oa:gpt-4o-mini-2024-07-18,60,False,"[(0, 0, 'red'), (1, 0, 'blue'), (0, 1, 'green')]"
0.0,oa:gpt-4o-mini-2024-07-18,61,False,"[(0, 0, 'red'), (1, 0, 'blue'), (0, 1, 'green')]"
0.0,oa:gpt-4o-mini-2024-07-18,62,False,"[(0, 0, 'red'), (1, 0, 'blue'), (0, 1, 'green')]"
0.0,oa:gpt-4o-mini-2024-07-18,63,False,"[(0, 0, 'red'), (1, 0, 'blue'), (0, 1, 'green')]"
0.0,oa:gpt-4o-mini-2024-07-18,64,False,"[(0, 0, 'red'), (1, 0, 'blue'), (0, 1, 'green')]"
0.0,oa:gpt-4o-mini-2024-07-18,65,False,"[(0, 0, 'red'), (1, 0, 'blue'), (0, 1, 'green')]"
0.0,oa:gpt-4o-mini-2024-07-18,66,False,"[(0, 0, 'red'), (1, 0, 'blue'), (0, 1, 'green')]"
0.0,oa:gpt-4o-mini-2024-07-18,67,False,"[(0, 0, 'red'), (1, 0, 'blue'), (0, 1, 'green')]"
0.0,oa:gpt-4o-mini-2024-07-18,68,False,"[(0, 0, 'red'), (1, 0, 'blue'), (0, 1, 'green')]"
0.0,oa:gpt-4o-mini-2024-07-18,69,False,"[(0, 0, 'red'), (1, 0, 'blue'), (0, 1, 'green')]"
0.0,oa:gpt-4o-mini-2024-07-18,70,False,"[(0, 0, 'red'), (1, 0, 'blue'), (0, 1, 'green')]"
0.0,oa:gpt-4o-mini-2024-07-18,71,False,"[(0, 0, 'red'), (1, 0, 'blue'), (0, 1, 'green')]"
0.0,oa:gpt-4o-mini-2024-07-18,72,False,"[(0, 0, 'red'), (1, 0, 'blue'), (0, 1, 'green')]"
0.0,oa:gpt-4o-mini-2024-07-18,73,False,"[(0, 0, 'red'), (1, 0, 'blue'), (0, 1, 'green')]"
0.0,oa:gpt-4o-mini-2024-07-18,74,False,"[(0, 0, 'red'), (1, 0, 'blue'), (0, 1, 'green')]"
0.0,oa:gpt-4o-mini-2024-07-18,75,False,"[(0, 0, 'red'), (1, 0, 'blue'), (0, 1, 'green')]"
0.0,oa:gpt-4o-mini-2024-07-18,76,False,"[(0, 0, 'red'), (1, 0, 'blue'), (0, 1, 'green')]"
0.0,oa:gpt-4o-mini-2024-07-18,77,False,"[(0, 0, 'red'), (1, 0, 'blue'), (0, 1, 'green')]"
0.0,oa:gpt-4o-mini-2024-07-18,78,False,"[(0, 0, 'red'), (1, 0, 'blue'), (0, 1, 'green')]"
0.0,oa:gpt-4o-mini-2024-07-18,79,False,"[(0, 0, 'red'), (1, 0, 'blue'), (0, 1, 'green')]"
0.0,oa:gpt-4o-mini-2024-07-18,80,False,"[(0, 0, 'red'), (1, 0, 'blue'), (0, 1, 'green')]"
0.0,oa:gpt-4o-mini-2024-07-18,81,False,"[(0, 0, 'red'), (1, 0, 'blue'), (0, 1, 'green')]"
0.0,oa:gpt-4o-mini-2024-07-18,82,False,"[(0, 0, 'red'), (1, 0, 'blue'), (0, 1, 'green')]"
0.0,oa:gpt-4o-mini-2024-07-18,83,False,"[(0, 0, 'red'), (1, 0, 'blue'), (0, 1, 'green')]"
0.0,oa:gpt-4o-mini-2024-07-18,84,False,"[(0, 0, 'red'), (1, 0, 'blue'), (0, 1, 'green')]"
0.0,oa:gpt-4o-mini-2024-07-18,85,False,"[(0, 0, 'red'), (1, 0, 'blue'), (0, 1, 'green')]"
0.0,oa:gpt-4o-mini-2024-07-18,86,False,"[(0, 0, 'red'), (1, 0, 'blue'), (0, 1, 'green')]"
0.0,oa:gpt-4o-mini-2024-07-18,87,False,"[(0, 0, 'red'), (1, 0, 'blue'), (0, 1, 'green')]"
0.0,oa:gpt-4o-mini-2024-07-18,88,False,"[(0, 0, 'red'), (1, 0, 'blue'), (0, 1, 'green')]"
0.0,oa:gpt-4o-mini-2024-07-18,89,False,"[(0, 0, 'red'), (1, 0, 'blue'), (0, 1, 'green')]"
0.0,oa:gpt-4o-mini-2024-07-18,90,False,"[(0, 0, 'red'), (1, 0, 'blue'), (0, 1, 'green')]"
0.0,oa:gpt-4o-mini-2024-07-18,91,False,"[(0, 0, 'red'), (1, 0, 'blue'), (0, 1, 'green')]"
0.0,oa:gpt-4o-mini-2024-07-18,92,False,"[(0, 0, 'red'), (1, 0, 'blue'), (0, 1, 'green')]"
0.0,oa:gpt-4o-mini-2024-07-18,93,False,"[(0, 0, 'red'), (1, 0, 'blue'), (0, 1, 'green')]"
0.0,oa:gpt-4o-mini-2024-07-18,94,False,"[(0, 0, 'red'), (1, 0, 'blue'), (0, 1, 'green')]"
0.0,oa:gpt-4o-mini-2024-07-18,95,False,"[(0, 0, 'red'), (1, 0, 'blue'), (0, 1, 'green')]"
0.0,oa:gpt-4o-mini-2024-07-18,96,False,"[(0, 0, 'red'), (1, 0, 'blue'), (0, 1, 'green')]"
0.0,oa:gpt-4o-mini-2024-07-18,97,False,"[(0, 0, 'red'), (1, 0, 'blue'), (0, 1, 'green')]"
0.0,oa:gpt-4o-mini-2024-07-18,98,False,"[(0, 0, 'red'), (1, 0, 'blue'), (0, 1, 'green')]"
0.0,oa:gpt-4o-mini-2024-07-18,99,False,"[(0, 0, 'red'), (1, 0, 'blue'), (0, 1, 'green')]"
0.0,oa:gpt-4o-mini-2024-07-18,100,False,"[(0, 0, 'red'), (1, 0, 'blue'), (0, 1, 'green')]"
0.5,oa:gpt-4o-mini-2024-07-18,1,False,"[(0, 0, 'red'), (1, 0, 'blue'), (0, 1, 'green')]"
0.5,oa:gpt-4o-mini-2024-07-18,2,False,"[(0, 0, 'red'), (1, 0, 'blue'), (0, 1, 'green')]"
0.5,oa:gpt-4o-mini-2024-07-18,3,False,"[(0, 0, 'red'), (1, 0, 'blue'), (0, 1, 'green')]"
0.5,oa:gpt-4o-mini-2024-07-18,4,False,"[(0, 0, 'red'), (1, 0, 'blue'), (0, 1, 'green')]"
0.5,oa:gpt-4o-mini-2024-07-18,5,False,"[(0, 0, 'red'), (1, 0, 'blue'), (0, 1, 'green')]"
0.5,oa:gpt-4o-mini-2024-07-18,6,False,"[(0, 0, 'red'), (1, 0, 'blue'), (0, 1, 'green')]"
0.5,oa:gpt-4o-mini-2024-07-18,7,False,"[(0, 0, 'red'), (1, 0, 'blue'), (0, 1, 'green')]"
0.5,oa:gpt-4o-mini-2024-07-18,8,False,"[(0, 0, 'red'), (1, 1, 'blue'), (2, 0, 'green')]"
0.5,oa:gpt-4o-mini-2024-07-18,9,False,"[(0, 0, 'red'), (1, 0, 'blue'), (0, 1, 'green')]"
0.5,oa:gpt-4o-mini-2024-07-18,10,False,"[(0, 0, 'red'), (1, 0, 'blue'), (0, 1, 'green')]"
0.5,oa:gpt-4o-mini-2024-07-18,11,False,"[(0, 0, 'red'), (2, 0, 'blue'), (1, 1, 'green')]"
0.5,oa:gpt-4o-mini-2024-07-18,12,False,"[(0, 0, 'red'), (1, 0, 'blue'), (0, 1, 'green')]"
0.5,oa:gpt-4o-mini-2024-07-18,13,False,"[(0, 0, 'red'), (1, 0, 'blue'), (0, 1, 'green')]"
0.5,oa:gpt-4o-mini-2024-07-18,14,False,"[(0, 0, 'red'), (1, 0, 'blue'), (0, 1, 'green')]"
0.5,oa:gpt-4o-mini-2024-07-18,15,False,"[(0, 0, 'red'), (1, 1, 'blue'), (2, 0, 'green')]"
0.5,oa:gpt-4o-mini-2024-07-18,16,False,"[(0, 0, 'red'), (1, 0, 'blue'), (0, 1, 'green')]"
0.5,oa:gpt-4o-mini-2024-07-18,17,False,"[(0, 0, 'red'), (1, 0, 'blue'), (0, 1, 'green')]"
0.5,oa:gpt-4o-mini-2024-07-18,18,False,"[(0, 0, 'red'), (1, 0, 'blue'), (0, 1, 'green')]"
0.5,oa:gpt-4o-mini-2024-07-18,19,False,"[(0, 0, 'red'), (1, 0, 'blue'), (0, 1, 'green')]"
0.5,oa:gpt-4o-mini-2024-07-18,20,False,"[(0, 0, 'red'), (1, 0, 'blue'), (0, 1, 'green')]"
0.5,oa:gpt-4o-mini-2024-07-18,21,False,"[(0, 0, 'red'), (1, 0, 'blue'), (0, 1, 'green')]"
0.5,oa:gpt-4o-mini-2024-07-18,22,False,"[(0, 0, 'red'), (1, 0, 'blue'), (0, 1, 'green')]"
0.5,oa:gpt-4o-mini-2024-07-18,23,False,"[(0, 0, 'red'), (1, 0, 'blue'), (0, 1, 'green')]"
0.5,oa:gpt-4o-mini-2024-07-18,24,False,"[(0, 0, 'red'), (1, 0, 'blue'), (0, 1, 'green')]"
0.5,oa:gpt-4o-mini-2024-07-18,25,False,"[(0, 0, 'red'), (1, 0, 'blue'), (0, 1, 'green')]"
0.5,oa:gpt-4o-mini-2024-07-18,26,False,"[(0, 0, 'red'), (1, 0, 'blue'), (0, 1, 'green')]"
0.5,oa:gpt-4o-mini-2024-07-18,27,False,"[(0, 0, 'red'), (1, 0, 'blue'), (0, 1, 'green')]"
0.5,oa:gpt-4o-mini-2024-07-18,28,False,"[(0, 0, 'red'), (1, 0, 'blue'), (0, 1, 'green')]"
0.5,oa:gpt-4o-mini-2024-07-18,29,False,"[(0, 0, 'red'), (1, 0, 'blue'), (0, 1, 'green')]"
0.5,oa:gpt-4o-mini-2024-07-18,30,False,"[(0, 0, 'red'), (1, 0, 'blue'), (0, 1, 'green')]"
0.5,oa:gpt-4o-mini-2024-07-18,31,False,"[(0, 0, 'red'), (1, 0, 'blue'), (0, 1, 'green')]"
0.5,oa:gpt-4o-mini-2024-07-18,32,False,"[(0, 0, 'red'), (1, 0, 'blue'), (0, 1, 'green')]"
0.5,oa:gpt-4o-mini-2024-07-18,33,False,"[(0, 0, 'red'), (1, 0, 'blue'), (0, 1, 'green')]"
0.5,oa:gpt-4o-mini-2024-07-18,34,False,"[(0, 0, 'red'), (1, 0, 'blue'), (0, 1, 'green')]"
0.5,oa:gpt-4o-mini-2024-07-18,35,False,"[(0, 0, 'red'), (1, 0, 'blue'), (0, 1, 'green')]"
0.5,oa:gpt-4o-mini-2024-07-18,36,False,"[(0, 0, 'red'), (1, 0, 'blue'), (0, 1, 'green')]"
0.5,oa:gpt-4o-mini-2024-07-18,37,False,"[(0, 0, 'red'), (1, 0, 'blue'), (0, 1, 'green')]"
0.5,oa:gpt-4o-mini-2024-07-18,38,False,"[(0, 0, 'red'), (1, 0, 'blue'), (0, 1, 'green')]"
0.5,oa:gpt-4o-mini-2024-07-18,39,False,"[(0, 0, 'red'), (1, 0, 'blue'), (0, 1, 'green')]"
0.5,oa:gpt-4o-mini-2024-07-18,40,False,"[(0, 0, 'red'), (1, 0, 'blue'), (0, 1, 'green')]"
0.5,oa:gpt-4o-mini-2024-07-18,41,False,"[(0, 0, 'red'), (1, 0, 'blue'), (0, 1, 'green')]"
0.5,oa:gpt-4o-mini-2024-07-18,42,False,"[(0, 0, 'red'), (1, 0, 'blue'), (0, 1, 'green')]"
0.5,oa:gpt-4o-mini-2024-07-18,43,False,"[(0, 0, 'red'), (1, 0, 'blue'), (0, 1, 'green')]"
0.5,oa:gpt-4o-mini-2024-07-18,44,False,"[(0, 0, 'red'), (1, 0, 'blue'), (0, 1, 'green')]"
0.5,oa:gpt-4o-mini-2024-07-18,45,False,"[(0, 0, 'red'), (1, 0, 'blue'), (0, 1, 'green')]"
0.5,oa:gpt-4o-mini-2024-07-18,46,False,"[(0, 0, 'red'), (1, 0, 'blue'), (0, 1, 'green')]"
0.5,oa:gpt-4o-mini-2024-07-18,47,False,"[(0, 0, 'red'), (1, 0, 'blue'), (0, 1, 'green')]"
0.5,oa:gpt-4o-mini-2024-07-18,48,False,"[(0, 0, 'red'), (1, 0, 'blue'), (0, 1, 'green')]"
0.5,oa:gpt-4o-mini-2024-07-18,49,False,"[(0, 0, 'red'), (1, 0, 'blue'), (0, 1, 'green')]"
0.5,oa:gpt-4o-mini-2024-07-18,50,False,"[(0, 0, 'red'), (1, 0, 'blue'), (0, 1, 'green')]"
0.5,oa:gpt-4o-mini-2024-07-18,51,False,"[(0, 0, 'red'), (1, 0, 'blue'), (0, 1, 'green')]"
0.5,oa:gpt-4o-mini-2024-07-18,52,False,"[(0, 0, 'red'), (1, 0, 'blue'), (0, 1, 'green')]"
0.5,oa:gpt-4o-mini-2024-07-18,53,False,"[(0, 0, 'red'), (1, 1, 'blue'), (2, 0, 'green')]"
0.5,oa:gpt-4o-mini-2024-07-18,54,False,"[(0, 0, 'red'), (1, 0, 'blue'), (0, 1, 'green')]"
0.5,oa:gpt-4o-mini-2024-07-18,55,False,"[(0, 0, 'red'), (1, 0, 'blue'), (0, 1, 'green')]"
0.5,oa:gpt-4o-mini-2024-07-18,56,False,"[(0, 0, 'red'), (1, 0, 'blue'), (0, 1, 'green')]"
0.5,oa:gpt-4o-mini-2024-07-18,57,False,"[(0, 0, 'red'), (1, 0, 'blue'), (0, 1, 'green')]"
0.5,oa:gpt-4o-mini-2024-07-18,58,False,"[(0, 0, 'red'), (1, 0, 'blue'), (0, 1, 'green')]"
0.5,oa:gpt-4o-mini-2024-07-18,59,False,"[(0, 0, 'red'), (1, 0, 'blue'), (0, 1, 'green')]"
0.5,oa:gpt-4o-mini-2024-07-18,60,False,"[(0, 0, 'red'), (1, 0, 'blue'), (0, 1, 'green')]"
0.5,oa:gpt-4o-mini-2024-07-18,61,False,"[(0, 0, 'red'), (1, 1, 'blue'), (2, 0, 'green')]"
0.5,oa:gpt-4o-mini-2024-07-18,62,False,"[(0, 0, 'red'), (1, 1, 'blue'), (2, 0, 'green')]"
0.5,oa:gpt-4o-mini-2024-07-18,63,False,"[(0, 0, 'red'), (1, 0, 'blue'), (0, 1, 'green')]"
0.5,oa:gpt-4o-mini-2024-07-18,64,False,"[(0, 0, 'red'), (1, 0, 'blue'), (0, 1, 'green')]"
0.5,oa:gpt-4o-mini-2024-07-18,65,False,"[(0, 0, 'red'), (1, 0, 'blue'), (0, 1, 'green')]"
0.5,oa:gpt-4o-mini-2024-07-18,66,False,"[(0, 0, 'red'), (1, 0, 'blue'), (0, 1, 'green')]"
0.5,oa:gpt-4o-mini-2024-07-18,67,False,"[(0, 0, 'red'), (1, 0, 'blue'), (0, 1, 'green')]"
0.5,oa:gpt-4o-mini-2024-07-18,68,False,"[(0, 0, 'red'), (1, 0, 'blue'), (0, 1, 'green')]"
0.5,oa:gpt-4o-mini-2024-07-18,69,False,"[(0, 0, 'red'), (1, 0, 'blue'), (0, 1, 'green')]"
0.5,oa:gpt-4o-mini-2024-07-18,70,False,"[(0, 0, 'red'), (1, 0, 'blue'), (0, 1, 'green')]"
0.5,oa:gpt-4o-mini-2024-07-18,71,False,"[(0, 0, 'red'), (1, 0, 'blue'), (0, 1, 'green')]"
0.5,oa:gpt-4o-mini-2024-07-18,72,False,"[(0, 0, 'red'), (1, 0, 'blue'), (0, 1, 'green')]"
0.5,oa:gpt-4o-mini-2024-07-18,73,False,"[(0, 0, 'red'), (1, 0, 'blue'), (0, 1, 'green')]"
0.5,oa:gpt-4o-mini-2024-07-18,74,False,"[(0, 0, 'red'), (1, 0, 'blue'), (0, 1, 'green')]"
0.5,oa:gpt-4o-mini-2024-07-18,75,False,"[(0, 0, 'red'), (1, 0, 'blue'), (0, 1, 'green')]"
0.5,oa:gpt-4o-mini-2024-07-18,76,False,"[(0, 0, 'red'), (1, 0, 'blue'), (0, 1, 'green')]"
0.5,oa:gpt-4o-mini-2024-07-18,77,False,"[(0, 0, 'red'), (1, 0, 'blue'), (0, 1, 'green')]"
0.5,oa:gpt-4o-mini-2024-07-18,78,False,"[(0, 0, 'red'), (1, 0, 'blue'), (0, 1, 'green')]"
0.5,oa:gpt-4o-mini-2024-07-18,79,False,"[(0, 0, 'red'), (1, 0, 'blue'), (0, 1, 'green')]"
0.5,oa:gpt-4o-mini-2024-07-18,80,False,"[(0, 0, 'red'), (1, 0, 'blue'), (0, 1, 'green')]"
0.5,oa:gpt-4o-mini-2024-07-18,81,False,"[(0, 0, 'red'), (1, 0, 'blue'), (0, 1, 'green')]"
0.5,oa:gpt-4o-mini-2024-07-18,82,False,"[(0, 0, 'red'), (1, 0, 'blue'), (0, 1, 'green')]"
0.5,oa:gpt-4o-mini-2024-07-18,83,False,"[(0, 0, 'red'), (1, 0, 'blue'), (0, 1, 'green')]"
0.5,oa:gpt-4o-mini-2024-07-18,84,False,"[(0, 0, 'red'), (1, 1, 'blue'), (2, 0, 'green')]"
0.5,oa:gpt-4o-mini-2024-07-18,85,False,"[(0, 0, 'red'), (1, 0, 'blue'), (0, 1, 'green')]"
0.5,oa:gpt-4o-mini-2024-07-18,86,False,"[(0, 0, 'red'), (1, 0, 'blue'), (0, 1, 'green')]"
0.5,oa:gpt-4o-mini-2024-07-18,87,False,"[(0, 0, 'red'), (1, 0, 'blue'), (0, 1, 'green')]"
0.5,oa:gpt-4o-mini-2024-07-18,88,False,"[(0, 0, 'red'), (1, 0, 'blue'), (0, 1, 'green')]"
0.5,oa:gpt-4o-mini-2024-07-18,89,False,"[(0, 0, 'red'), (1, 1, 'blue'), (2, 0, 'green')]"
0.5,oa:gpt-4o-mini-2024-07-18,90,False,"[(0, 0, 'red'), (1, 0, 'blue'), (0, 1, 'green')]"
0.5,oa:gpt-4o-mini-2024-07-18,91,False,"[(0, 0, 'red'), (1, 0, 'blue'), (0, 1, 'green')]"
0.5,oa:gpt-4o-mini-2024-07-18,92,False,"[(0, 0, 'red'), (1, 1, 'blue'), (2, 0, 'green')]"
0.5,oa:gpt-4o-mini-2024-07-18,93,False,"[(0, 0, 'red'), (1, 0, 'blue'), (0, 1, 'green')]"
0.5,oa:gpt-4o-mini-2024-07-18,94,False,"[(0, 0, 'red'), (1, 0, 'blue'), (0, 1, 'green')]"
0.5,oa:gpt-4o-mini-2024-07-18,95,False,"[(0, 0, 'red'), (1, 0, 'blue'), (0, 1, 'green')]"
0.5,oa:gpt-4o-mini-2024-07-18,96,False,"[(0, 0, 'red'), (1, 0, 'blue'), (0, 1, 'green')]"
0.5,oa:gpt-4o-mini-2024-07-18,97,False,"[(0, 0, 'red'), (1, 0, 'blue'), (0, 1, 'green')]"
0.5,oa:gpt-4o-mini-2024-07-18,98,False,"[(0, 0, 'red'), (1, 0, 'blue'), (0, 1, 'green')]"
0.5,oa:gpt-4o-mini-2024-07-18,99,False,"[(0, 0, 'red'), (1, 0, 'blue'), (0, 1, 'green')]"
0.5,oa:gpt-4o-mini-2024-07-18,100,False,"[(0, 0, 'red'), (1, 0, 'blue'), (0, 1, 'green')]"
1.0,oa:gpt-4o-mini-2024-07-18,1,False,"[(0, 0, 'red'), (1, 0, 'blue'), (2, 1, 'green')]"
1.0,oa:gpt-4o-mini-2024-07-18,2,False,"[(0, 0, 'red'), (1, 0, 'blue'), (0, 1, 'green')]"
1.0,oa:gpt-4o-mini-2024-07-18,3,False,"[(0, 0, 'red'), (1, 0, 'blue'), (0, 1, 'green')]"
1.0,oa:gpt-4o-mini-2024-07-18,4,False,"[(1, 1, 'red'), (2, 1, 'blue'), (3, 2, 'green')]"
1.0,oa:gpt-4o-mini-2024-07-18,5,False,"[(0, 0, 'red'), (1, 0, 'blue'), (0, 1, 'green')]"
1.0,oa:gpt-4o-mini-2024-07-18,6,False,"[(0, 0, 'red'), (1, 0, 'blue'), (0, 1, 'green')]"
1.0,oa:gpt-4o-mini-2024-07-18,7,False,"[(0, 0, 'red'), (2, 0, 'blue'), (1, 1, 'green')]"
1.0,oa:gpt-4o-mini-2024-07-18,8,False,"[(0, 0, 'red'), (1, 0, 'blue'), (0, 1, 'green')]"
1.0,oa:gpt-4o-mini-2024-07-18,9,False,"[(0, 0, 'red'), (1, 1, 'blue'), (2, 0, 'green')]"
1.0,oa:gpt-4o-mini-2024-07-18,10,False,"[(0, 0, 'red'), (0, 1, 'blue'), (1, 1, 'green')]"
1.0,oa:gpt-4o-mini-2024-07-18,11,False,"[(0, 0, 'red'), (1, 1, 'blue'), (2, 0, 'green')]"
1.0,oa:gpt-4o-mini-2024-07-18,12,False,"[(0, 0, 'red'), (1, 1, 'blue'), (2, 0, 'green')]"
1.0,oa:gpt-4o-mini-2024-07-18,13,False,"[(0, 0, 'red'), (1, 0, 'blue'), (0, 1, 'green')]"
1.0,oa:gpt-4o-mini-2024-07-18,14,False,"[(0, 0, 'red'), (1, 0, 'blue'), (0, 1, 'green')]"
1.0,oa:gpt-4o-mini-2024-07-18,15,False,"[(0, 0, 'red'), (1, 0, 'blue'), (0, 1, 'green')]"
1.0,oa:gpt-4o-mini-2024-07-18,16,False,"[(0, 0, 'red'), (1, 0, 'blue'), (0, 1, 'green')]"
1.0,oa:gpt-4o-mini-2024-07-18,17,False,"[(0, 0, 'red'), (2, 0, 'blue'), (1, 1, 'green')]"
1.0,oa:gpt-4o-mini-2024-07-18,18,False,"[(0, 0, 'red'), (1, 0, 'blue'), (0, 1, 'green')]"
1.0,oa:gpt-4o-mini-2024-07-18,19,False,"[(0, 0, 'red'), (1, 1, 'blue'), (2, 0, 'green')]"
1.0,oa:gpt-4o-mini-2024-07-18,20,False,"[(0, 0, 'red'), (1, 1, 'blue'), (2, 0, 'green')]"
1.0,oa:gpt-4o-mini-2024-07-18,21,False,"[(0, 0, 'red'), (1, 0, 'blue'), (1, 1, 'green')]"
1.0,oa:gpt-4o-mini-2024-07-18,22,False,"[(0, 0, 'red'), (1, 0, 'blue'), (0, 1, 'green')]"
1.0,oa:gpt-4o-mini-2024-07-18,23,False,"[(0, 0, 'red'), (1, 1, 'blue'), (2, 0, 'green')]"
1.0,oa:gpt-4o-mini-2024-07-18,24,False,"[(0, 0, 'red'), (1, 0, 'blue'), (0, 1, 'green')]"
1.0,oa:gpt-4o-mini-2024-07-18,25,False,"[(0, 0, 'red'), (1, 1, 'blue'), (2, 0, 'green')]"
1.0,oa:gpt-4o-mini-2024-07-18,26,False,"[(0, 0, 'red'), (1, 0, 'blue'), (0, 1, 'green')]"
1.0,oa:gpt-4o-mini-2024-07-18,27,False,"[(0, 0, 'red'), (1, 0, 'blue'), (1, 1, 'green')]"
1.0,oa:gpt-4o-mini-2024-07-18,28,False,"[(0, 0, 'red'), (1, 0, 'blue'), (0, 1, 'green')]"
1.0,oa:gpt-4o-mini-2024-07-18,29,False,"[(0, 0, 'red'), (1, 0, 'blue'), (0, 1, 'green')]"
1.0,oa:gpt-4o-mini-2024-07-18,30,False,"[(0, 0, 'red'), (2, 0, 'blue'), (1, 1, 'green')]"
1.0,oa:gpt-4o-mini-2024-07-18,31,False,"[(0, 0, 'red'), (2, 0, 'blue'), (1, 1, 'green')]"
1.0,oa:gpt-4o-mini-2024-07-18,32,False,"[(0, 0, 'red'), (1, 0, 'blue'), (0, 1, 'green')]"
1.0,oa:gpt-4o-mini-2024-07-18,33,False,"[(0, 0, 'red'), (1, 0, 'blue'), (0, 1, 'green')]"
1.0,oa:gpt-4o-mini-2024-07-18,34,False,"[(0, 0, 'red'), (1, 0, 'blue'), (0, 1, 'green')]"
1.0,oa:gpt-4o-mini-2024-07-18,35,True,"[(0, 0, 'red'), (1, 1, 'blue'), (2, 2, 'green')]"
1.0,oa:gpt-4o-mini-2024-07-18,36,False,"[(0, 0, 'red'), (1, 0, 'blue'), (0, 1, 'green')]"
1.0,oa:gpt-4o-mini-2024-07-18,37,False,"[(1, 1, 'red'), (2, 1, 'blue'), (1, 2, 'green')]"
1.0,oa:gpt-4o-mini-2024-07-18,38,False,"[(0, 0, 'red'), (1, 0, 'blue'), (0, 1, 'green')]"
1.0,oa:gpt-4o-mini-2024-07-18,39,False,"[(0, 0, 'red'), (1, 1, 'blue'), (2, 0, 'green')]"
1.0,oa:gpt-4o-mini-2024-07-18,40,False,"[(0, 0, 'red'), (2, 0, 'blue'), (1, 1, 'green')]"
1.0,oa:gpt-4o-mini-2024-07-18,41,False,"[(0, 0, 'red'), (1, 0, 'blue'), (0, 1, 'green')]"
1.0,oa:gpt-4o-mini-2024-07-18,42,False,"[(0, 0, 'red'), (1, 0, 'blue'), (0, 1, 'green')]"
1.0,oa:gpt-4o-mini-2024-07-18,43,False,"[(1, 1, 'red'), (2, 1, 'blue'), (1, 2, 'green')]"
1.0,oa:gpt-4o-mini-2024-07-18,44,False,"[(0, 0, 'red'), (1, 0, 'blue'), (0, 1, 'green')]"
1.0,oa:gpt-4o-mini-2024-07-18,45,False,"[(0, 0, 'red'), (1, 0, 'blue'), (0, 1, 'green')]"
1.0,oa:gpt-4o-mini-2024-07-18,46,False,"[(0, 0, 'red'), (1, 0, 'blue'), (0, 1, 'green')]"
1.0,oa:gpt-4o-mini-2024-07-18,47,False,"[(0, 0, 'red'), (1, 1, 'blue'), (2, 0, 'green')]"
1.0,oa:gpt-4o-mini-2024-07-18,48,False,"[(0, 0, 'red'), (1, 1, 'blue'), (2, 0, 'green')]"
1.0,oa:gpt-4o-mini-2024-07-18,49,False,"[(1, 1, 'red'), (1, 2, 'blue'), (2, 1, 'green')]"
1.0,oa:gpt-4o-mini-2024-07-18,50,False,"[(0, 0, 'red'), (1, 0, 'blue'), (0, 1, 'green')]"
1.0,oa:gpt-4o-mini-2024-07-18,51,False,"[(0, 0, 'red'), (1, 0, 'blue'), (0, 1, 'green')]"
1.0,oa:gpt-4o-mini-2024-07-18,52,False,"[(0, 0, 'red'), (1, 0, 'blue'), (0, 1, 'green')]"
1.0,oa:gpt-4o-mini-2024-07-18,53,False,"[(0, 0, 'red'), (1, 0, 'blue'), (0, 1, 'green')]"
1.0,oa:gpt-4o-mini-2024-07-18,54,False,"[(0, 0, 'red'), (1, 0, 'blue'), (0, 1, 'green')]"
1.0,oa:gpt-4o-mini-2024-07-18,55,False,"[(0, 0, 'red'), (2, 0, 'blue'), (1, 1, 'green')]"
1.0,oa:gpt-4o-mini-2024-07-18,56,False,"[(0, 0, 'red'), (1, 0, 'blue'), (0, 1, 'green')]"
1.0,oa:gpt-4o-mini-2024-07-18,57,False,"[(0, 0, 'red'), (1, 0, 'blue'), (0, 1, 'green')]"
1.0,oa:gpt-4o-mini-2024-07-18,58,False,"[(0, 0, 'red'), (1, 0, 'blue'), (0, 1, 'green')]"
1.0,oa:gpt-4o-mini-2024-07-18,59,False,"[(0, 0, 'red'), (1, 1, 'blue'), (2, 0, 'green')]"
1.0,oa:gpt-4o-mini-2024-07-18,60,False,"[(0, 0, 'red'), (1, 0, 'blue'), (0, 1, 'green')]"
1.0,oa:gpt-4o-mini-2024-07-18,61,False,"[(0, 0, 'red'), (1, 0, 'blue'), (0, 1, 'green')]"
1.0,oa:gpt-4o-mini-2024-07-18,62,False,"[(0, 0, 'red'), (1, 0, 'blue'), (0, 1, 'green')]"
1.0,oa:gpt-4o-mini-2024-07-18,63,False,"[(0, 0, 'red'), (1, 0, 'blue'), (2, 1, 'green')]"
1.0,oa:gpt-4o-mini-2024-07-18,64,False,"[(0, 0, 'red'), (1, 0, 'blue'), (0, 1, 'green')]"
1.0,oa:gpt-4o-mini-2024-07-18,65,False,"[(0, 0, 'red'), (1, 0, 'blue'), (0, 1, 'green')]"
1.0,oa:gpt-4o-mini-2024-07-18,66,False,"[(1, 1, 'red'), (2, 1, 'blue'), (3, 2, 'green')]"
1.0,oa:gpt-4o-mini-2024-07-18,67,False,"[(0, 0, 'red'), (1, 0, 'blue'), (0, 1, 'green')]"
1.0,oa:gpt-4o-mini-2024-07-18,68,False,"[(0, 0, 'red'), (1, 0, 'blue'), (0, 1, 'green')]"
1.0,oa:gpt-4o-mini-2024-07-18,69,False,"[(0, 0, 'red'), (1, 0, 'blue'), (0, 1, 'green')]"
1.0,oa:gpt-4o-mini-2024-07-18,70,False,"[(0, 0, 'red'), (1, 1, 'blue'), (2, 0, 'green')]"
1.0,oa:gpt-4o-mini-2024-07-18,71,False,"[(0, 0, 'red'), (1, 0, 'blue'), (0, 1, 'green')]"
1.0,oa:gpt-4o-mini-2024-07-18,72,False,"[(0, 0, 'red'), (1, 0, 'blue'), (0, 1, 'green')]"
1.0,oa:gpt-4o-mini-2024-07-18,73,False,"[(0, 0, 'red'), (1, 0, 'blue'), (0, 1, 'green')]"
1.0,oa:gpt-4o-mini-2024-07-18,74,False,"[(0, 0, 'red'), (1, 1, 'blue'), (2, 0, 'green')]"
1.0,oa:gpt-4o-mini-2024-07-18,75,False,"[(0, 0, 'red'), (1, 0, 'blue'), (0, 1, 'green')]"
1.0,oa:gpt-4o-mini-2024-07-18,76,False,"[(0, 0, 'red'), (1, 0, 'blue'), (1, 1, 'green')]"
1.0,oa:gpt-4o-mini-2024-07-18,77,False,"[(0, 0, 'red'), (2, 0, 'blue'), (1, 1, 'green')]"
1.0,oa:gpt-4o-mini-2024-07-18,78,False,"[(0, 0, 'red'), (1, 0, 'blue'), (0, 1, 'green')]"
1.0,oa:gpt-4o-mini-2024-07-18,79,False,"[(1, 1, 'red'), (1, 2, 'blue'), (2, 2, 'green')]"
1.0,oa:gpt-4o-mini-2024-07-18,80,False,"[(0, 0, 'red'), (1, 0, 'blue'), (0, 1, 'green')]"
1.0,oa:gpt-4o-mini-2024-07-18,81,False,"[(0, 0, 'red'), (1, 0, 'blue'), (0, 1, 'green')]"
1.0,oa:gpt-4o-mini-2024-07-18,82,False,"[(0, 0, 'red'), (1, 0, 'blue'), (0, 1, 'green')]"
1.0,oa:gpt-4o-mini-2024-07-18,83,False,"[(0, 0, 'red'), (1, 0, 'blue'), (2, 1, 'green')]"
1.0,oa:gpt-4o-mini-2024-07-18,84,False,"[(0, 0, 'red'), (2, 0, 'blue'), (1, 1, 'green')]"
1.0,oa:gpt-4o-mini-2024-07-18,85,False,"[(0, 0, 'red'), (2, 0, 'blue'), (1, 1, 'green')]"
1.0,oa:gpt-4o-mini-2024-07-18,86,False,"[(0, 0, 'red'), (1, 1, 'blue'), (2, 0, 'green')]"
1.0,oa:gpt-4o-mini-2024-07-18,87,False,"[(0, 0, 'red'), (1, 0, 'blue'), (0, 1, 'green')]"
1.0,oa:gpt-4o-mini-2024-07-18,88,False,"[(0, 0, 'red'), (1, 0, 'blue'), (0, 1, 'green')]"
1.0,oa:gpt-4o-mini-2024-07-18,89,True,"[(0, 0, 'red'), (1, 1, 'blue'), (2, 2, 'green')]"
1.0,oa:gpt-4o-mini-2024-07-18,90,False,"[(0, 0, 'red'), (1, 0, 'blue'), (0, 1, 'green')]"
1.0,oa:gpt-4o-mini-2024-07-18,91,False,"[(0, 0, 'red'), (2, 0, 'blue'), (1, 1, 'green')]"
1.0,oa:gpt-4o-mini-2024-07-18,92,False,"[(0, 0, 'red'), (1, 0, 'blue'), (0, 1, 'green')]"
1.0,oa:gpt-4o-mini-2024-07-18,93,False,"[(0, 0, 'red'), (1, 0, 'blue'), (0, 1, 'green')]"
1.0,oa:gpt-4o-mini-2024-07-18,94,False,"[(0, 0, 'red'), (1, 1, 'blue'), (2, 0, 'green')]"
1.0,oa:gpt-4o-mini-2024-07-18,95,False,"[(0, 0, 'red'), (1, 0, 'blue'), (0, 1, 'green')]"
1.0,oa:gpt-4o-mini-2024-07-18,96,False,"[(0, 0, 'red'), (1, 0, 'blue'), (0, 1, 'green')]"
1.0,oa:gpt-4o-mini-2024-07-18,97,False,"[(0, 0, 'red'), (1, 0, 'blue'), (0, 1, 'green')]"
1.0,oa:gpt-4o-mini-2024-07-18,98,False,"[(0, 0, 'red'), (1, 0, 'blue'), (0, 1, 'green')]"
1.0,oa:gpt-4o-mini-2024-07-18,99,False,"[(0, 0, 'red'), (1, 0, 'blue'), (0, 1, 'green')]"
1.0,oa:gpt-4o-mini-2024-07-18,100,False,"[(0, 0, 'red'), (1, 0, 'blue'), (0, 1, 'green')]"
1.5,oa:gpt-4o-mini-2024-07-18,1,False,"[(0, 0, 'red'), (1, 1, 'blue'), (2, 0, 'green')]"
1.5,oa:gpt-4o-mini-2024-07-18,2,False,"[(0, 0, 'red'), (1, 0, 'blue'), (0, 1, 'green')]"
1.5,oa:gpt-4o-mini-2024-07-18,3,False,"[(0, 0, 'red'), (1, 0, 'blue'), (0, 1, 'green')]"
1.5,oa:gpt-4o-mini-2024-07-18,4,False,"[(1, 1, 'red'), (2, 2, 'blue'), (3, 1, 'green')]"
1.5,oa:gpt-4o-mini-2024-07-18,5,False,"[(0, 0, 'red'), (1, 0, 'blue'), (0, 1, 'green')]"
1.5,oa:gpt-4o-mini-2024-07-18,6,False,"[(1, 1, 'red'), (2, 1, 'blue'), (1, 2, 'green')]"
1.5,oa:gpt-4o-mini-2024-07-18,7,False,"[(0, 0, 'red'), (1, 0, 'blue'), (0, 1, 'green')]"
1.5,oa:gpt-4o-mini-2024-07-18,8,False,"[(0, 0, 'red'), (2, 0, 'blue'), (1, 1, 'green')]"
1.5,oa:gpt-4o-mini-2024-07-18,9,False,"[(0, 0, 'red'), (1, 1, 'blue'), (2, 0, 'green')]"
1.5,oa:gpt-4o-mini-2024-07-18,10,False,"[(0, 0, 'red'), (1, 0, 'blue'), (0, 1, 'green')]"
1.5,oa:gpt-4o-mini-2024-07-18,11,False,"[(0, 0, 'red'), (1, 0, 'blue'), (0, 1, 'green')]"
1.5,oa:gpt-4o-mini-2024-07-18,12,False,"[(0, 0, 'red'), (1, 0, 'blue'), (0, 1, 'green')]"
1.5,oa:gpt-4o-mini-2024-07-18,13,False,"[(0, 0, 'red'), (1, 0, 'blue'), (0, 1, 'green')]"
1.5,oa:gpt-4o-mini-2024-07-18,14,False,"[(0, 0, 'red'), (2, 0, 'blue'), (1, 1, 'green')]"
1.5,oa:gpt-4o-mini-2024-07-18,15,False,"[(0, 0, 'red'), (1, 1, 'blue'), (2, 0, 'green')]"
1.5,oa:gpt-4o-mini-2024-07-18,16,False,"[(0, 0, 'red'), (1, 1, 'blue'), (2, 0, 'green')]"
1.5,oa:gpt-4o-mini-2024-07-18,17,True,"[(0, 0, 'red'), (1, 1, 'blue'), (0, 2, 'green')]"
1.5,oa:gpt-4o-mini-2024-07-18,18,True,"[(0, 0, 'red'), (1, 1, 'blue'), (2, 2, 'green')]"
1.5,oa:gpt-4o-mini-2024-07-18,19,True,"[(0, 0, 'red'), (1, 1, 'blue'), (2, 2, 'green')]"
1.5,oa:gpt-4o-mini-2024-07-18,20,False,"[(0, 0, 'red'), (1, 0, 'blue'), (0, 1, 'green')]"
1.5,oa:gpt-4o-mini-2024-07-18,21,False,"[(0, 0, 'red'), (1, 0, 'green'), (0, 1, 'blue')]"
1.5,oa:gpt-4o-mini-2024-07-18,22,False,"[(0, 0, 'red'), (1, 0, 'blue'), (0, 1, 'green')]"
1.5,oa:gpt-4o-mini-2024-07-18,23,False,"[(0, 0, 'red'), (1, 0, 'blue'), (0, 1, 'green')]"
1.5,oa:gpt-4o-mini-2024-07-18,24,False,"[(0, 0, 'red'), (1, 0, 'blue'), (2, 1, 'green')]"
1.5,oa:gpt-4o-mini-2024-07-18,25,False,"[(0, 0, 'red'), (1, 0, 'blue'), (0, 1, 'green')]"
1.5,oa:gpt-4o-mini-2024-07-18,26,False,"[(0, 0, 'red'), (2, 0, 'blue'), (1, 1, 'green')]"
1.5,oa:gpt-4o-mini-2024-07-18,27,True,"[(0, 0, 'red'), (2, 1, 'blue'), (1, 2, 'green')]"
1.5,oa:gpt-4o-mini-2024-07-18,28,False,"[(0, 0, 'red'), (1, 0, 'blue'), (0, 1, 'green')]"
1.5,oa:gpt-4o-mini-2024-07-18,29,False,"[(0, 0, 'red'), (1, 1, 'blue'), (3, 0, 'green')]"
1.5,oa:gpt-4o-mini-2024-07-18,30,False,"[(0, 0, 'red'), (2, 0, 'blue'), (1, 1, 'green')]"
1.5,oa:gpt-4o-mini-2024-07-18,31,True,"[(0, 0, 'red'), (1, 1, 'blue'), (0, 2, 'green')]"
1.5,oa:gpt-4o-mini-2024-07-18,32,False,"[(0, 0, 'red'), (1, 0, 'blue'), (0, 1, 'green')]"
1.5,oa:gpt-4o-mini-2024-07-18,33,False,"[(0, 0, 'red'), (1, 0, 'blue'), (0, 1, 'green')]"
1.5,oa:gpt-4o-mini-2024-07-18,34,False,"[(0, 0, 'red'), (1, 1, 'blue'), (2, 0, 'yellow')]"
1.5,oa:gpt-4o-mini-2024-07-18,35,False,"[(0, 0, 'red'), (1, 0, 'blue'), (0, 1, 'green')]"
1.5,oa:gpt-4o-mini-2024-07-18,36,False,"[(0, 0, 'red'), (0, 1, 'blue'), (1, 1, 'green')]"
1.5,oa:gpt-4o-mini-2024-07-18,37,False,"[(0, 0, 'red'), (1, 0, 'blue'), (0, 1, 'green')]"
1.5,oa:gpt-4o-mini-2024-07-18,38,False,"[(0, 0, 'red'), (1, 0, 'blue'), (0, 1, 'green')]"
1.5,oa:gpt-4o-mini-2024-07-18,39,False,"[(0, 0, 'red'), (2, 0, 'blue'), (1, 1, 'green')]"
1.5,oa:gpt-4o-mini-2024-07-18,40,False,"[(0, 0, 'red'), (1, 0, 'blue'), (0, 1, 'green')]"
1.5,oa:gpt-4o-mini-2024-07-18,41,False,"[(1, 1, 'red'), (1, 2, 'blue'), (2, 1, 'green')]"
1.5,oa:gpt-4o-mini-2024-07-18,42,False,"[(0, 0, 'red'), (1, 0, 'blue'), (0, 1, 'green')]"
1.5,oa:gpt-4o-mini-2024-07-18,43,True,"[(0, 0, 'red'), (1, 1, 'blue'), (0, 2, 'green')]"
1.5,oa:gpt-4o-mini-2024-07-18,44,False,"[(0, 0, 'red'), (1, 1, 'blue'), (2, 0, 'green')]"
1.5,oa:gpt-4o-mini-2024-07-18,45,False,"[(0, 0, 'red'), (1, 0, 'blue'), (0, 1, 'green')]"
1.5,oa:gpt-4o-mini-2024-07-18,46,False,"[(1, 1, 'red'), (1, 2, 'blue'), (2, 2, 'green')]"
1.5,oa:gpt-4o-mini-2024-07-18,47,False,"[(0, 0, 'red'), (1, 0, 'blue'), (0, 1, 'green')]"
1.5,oa:gpt-4o-mini-2024-07-18,48,False,"[(0, 0, 'red'), (1, 0, 'blue'), (0, 1, 'green')]"
1.5,oa:gpt-4o-mini-2024-07-18,49,False,"[(0, 0, 'red'), (1, 1, 'blue'), (2, 0, 'green')]"
1.5,oa:gpt-4o-mini-2024-07-18,50,False,"[(0, 0, 'red'), (1, 0, 'blue'), (0, 1, 'green')]"
1.5,oa:gpt-4o-mini-2024-07-18,51,False,"[(0, 0, 'red'), (2, 0, 'blue'), (1, 1, 'green')]"
1.5,oa:gpt-4o-mini-2024-07-18,52,False,"[(0, 0, 'red'), (1, 0, 'blue'), (0, 1, 'green')]"
1.5,oa:gpt-4o-mini-2024-07-18,53,False,"[(0, 0, 'red'), (1, 1, 'blue'), (2, 0, 'green')]"
1.5,oa:gpt-4o-mini-2024-07-18,54,False,"[(0, 0, 'red'), (2, 0, 'blue'), (1, 1, 'green')]"
1.5,oa:gpt-4o-mini-2024-07-18,55,False,"[(0, 0, 'red'), (1, 0, 'blue'), (1, 1, 'green')]"
1.5,oa:gpt-4o-mini-2024-07-18,56,False,"[(0, 0, 'red'), (1, 0, 'blue'), (0, 1, 'green')]"
1.5,oa:gpt-4o-mini-2024-07-18,57,False,"[(0, 0, 'red'), (1, 1, 'blue'), (3, 0, 'green')]"
1.5,oa:gpt-4o-mini-2024-07-18,58,False,"[(0, 0, 'red'), (1, 1, 'blue'), (2, 0, 'green')]"
1.5,oa:gpt-4o-mini-2024-07-18,59,False,"[(0, 0, 'red'), (1, 0, 'blue'), (0, 1, 'green')]"
1.5,oa:gpt-4o-mini-2024-07-18,60,False,"[(0, 0, 'red'), (1, 0, 'blue'), (0, 1, 'green')]"
1.5,oa:gpt-4o-mini-2024-07-18,61,False,"[(0, 0, 'red'), (0, 1, 'blue'), (1, 0, 'green')]"
1.5,oa:gpt-4o-mini-2024-07-18,62,False,"[(0, 0, 'red'), (1, 0, 'blue'), (0, 1, 'green')]"
1.5,oa:gpt-4o-mini-2024-07-18,63,False,"[(1, 1, 'red'), (1, 2, 'blue'), (2, 2, 'green')]"
1.5,oa:gpt-4o-mini-2024-07-18,64,False,"[(0, 0, 'red'), (1, 0, 'blue'), (0, 1, 'green')]"
1.5,oa:gpt-4o-mini-2024-07-18,65,False,"[(0, 0, 'red'), (1, 1, 'blue'), (2, 0, 'green')]"
1.5,oa:gpt-4o-mini-2024-07-18,66,False,"[(0, 0, 'red'), (1, 0, 'blue'), (0, 1, 'green')]"
1.5,oa:gpt-4o-mini-2024-07-18,67,False,"[(0, 0, 'red'), (1, 0, 'blue'), (1, 1, 'green')]"
1.5,oa:gpt-4o-mini-2024-07-18,68,False,"[(0, 0, 'red'), (1, 0, 'blue'), (1, 1, 'green')]"
1.5,oa:gpt-4o-mini-2024-07-18,69,False,"[(0, 0, 'red'), (1, 0, 'blue'), (0, 1, 'green')]"
1.5,oa:gpt-4o-mini-2024-07-18,70,False,"[(0, 0, 'red'), (1, 0, 'blue'), (0, 1, 'green')]"
1.5,oa:gpt-4o-mini-2024-07-18,71,False,"[(0, 0, 'red'), (2, 0, 'blue'), (1, 1, 'green')]"
1.5,oa:gpt-4o-mini-2024-07-18,72,True,"[(0, 0, 'red'), (1, 1, 'blue'), (2, 2, 'green')]"
1.5,oa:gpt-4o-mini-2024-07-18,73,True,"[(0, 0, 'red'), (1, 1, 'blue'), (2, 2, 'green')]"
1.5,oa:gpt-4o-mini-2024-07-18,74,False,"[(0, 0, 'red'), (1, 0, 'blue'), (0, 1, 'green')]"
1.5,oa:gpt-4o-mini-2024-07-18,75,False,"[(0, 0, 'red'), (1, 1, 'blue'), (3, 0, 'green')]"
1.5,oa:gpt-4o-mini-2024-07-18,76,False,"[(0, 0, 'red'), (2, 0, 'blue'), (1, 1, 'green')]"
1.5,oa:gpt-4o-mini-2024-07-18,77,False,"[(0, 0, 'red'), (2, 0, 'blue'), (1, 1, 'green')]"
1.5,oa:gpt-4o-mini-2024-07-18,78,False,"[(0, 0, 'red'), (2, 0, 'blue'), (1, 1, 'green')]"
1.5,oa:gpt-4o-mini-2024-07-18,79,False,"[(0, 0, 'red'), (1, 1, 'blue'), (2, 0, 'green')]"
1.5,oa:gpt-4o-mini-2024-07-18,80,False,"[(1, 1, 'red'), (2, 2, 'blue'), (1, 2, 'green')]"
1.5,oa:gpt-4o-mini-2024-07-18,81,False,"[(0, 0, 'red'), (1, 0, 'blue'), (2, 1, 'green')]"
1.5,oa:gpt-4o-mini-2024-07-18,82,False,"[(0, 0, 'red'), (1, 0, 'blue'), (1, 1, 'green')]"
1.5,oa:gpt-4o-mini-2024-07-18,83,False,"[(0, 0, 'red'), (1, 0, 'blue'), (0, 1, 'green')]"
1.5,oa:gpt-4o-mini-2024-07-18,84,False,"[(0, 0, 'red'), (1, 1, 'blue'), (3, 0, 'green')]"
1.5,oa:gpt-4o-mini-2024-07-18,85,False,"[(0, 0, 'red'), (1, 1, 'blue'), (3, 1, 'green')]"
1.5,oa:gpt-4o-mini-2024-07-18,86,False,"[(0, 0, 'red'), (1, 0, 'blue'), (0, 1, 'green')]"
1.5,oa:gpt-4o-mini-2024-07-18,87,True,"[(0, 0, 'red'), (1, 1, 'blue'), (1, 2, 'green')]"
1.5,oa:gpt-4o-mini-2024-07-18,88,False,"[(0, 0, 'red'), (1, 1, 'blue'), (2, 0, 'green')]"
1.5,oa:gpt-4o-mini-2024-07-18,89,False,"[(1, 1, 'red'), (2, 1, 'blue'), (1, 2, 'green')]"
1.5,oa:gpt-4o-mini-2024-07-18,90,False,"[(1, 1, 'red'), (2, 1, 'blue'), (1, 2, 'green')]"
1.5,oa:gpt-4o-mini-2024-07-18,91,False,"[(0, 0, 'red'), (1, 0, 'blue'), (0, 1, 'green')]"
1.5,oa:gpt-4o-mini-2024-07-18,92,False,"[(0, 0, 'red'), (1, 1, 'blue'), (2, 0, 'green')]"
1.5,oa:gpt-4o-mini-2024-07-18,93,False,"[(0, 0, 'red'), (1, 0, 'blue'), (0, 1, 'green')]"
1.5,oa:gpt-4o-mini-2024-07-18,94,False,"[(1, 1, 'red'), (2, 1, 'blue'), (1, 2, 'green')]"
1.5,oa:gpt-4o-mini-2024-07-18,95,False,"[(0, 0, 'red'), (1, 0, 'blue'), (0, 1, 'green')]"
1.5,oa:gpt-4o-mini-2024-07-18,96,False,"[(0, 0, 'red'), (2, 0, 'blue'), (1, 1, 'green')]"
1.5,oa:gpt-4o-mini-2024-07-18,97,False,"[(0, 0, 'red'), (1, 0, 'blue'), (0, 1, 'green')]"
1.5,oa:gpt-4o-mini-2024-07-18,98,False,"[(0, 0, 'red'), (1, 0, 'blue'), (0, 1, 'green')]"
1.5,oa:gpt-4o-mini-2024-07-18,99,False,"[(1, 1, 'red'), (2, 1, 'blue'), (1, 2, 'green')]"
1.5,oa:gpt-4o-mini-2024-07-18,100,False,"[(0, 0, 'red'), (1, 0, 'blue'), (0, 1, 'green')]"
