Temperature,Model,Experiment,Valid,LLM,Response
0,oa:gpt-4-1106-preview,1,False,"[(1, 1, 'red'), (2, 1, 'blue'), (3, 1, 'green')]",False
0,oa:gpt-4-1106-preview,2,False,"[(1, 1, 'red'), (2, 1, 'blue'), (3, 1, 'green')]",False
0,oa:gpt-4-1106-preview,3,False,"[(1, 1, 'red'), (2, 1, 'blue'), (3, 1, 'green')]",False
0,oa:gpt-4-1106-preview,4,False,"[(1, 1, 'red'), (2, 1, 'blue'), (3, 1, 'green')]",False
0,oa:gpt-4-1106-preview,5,False,"[(1, 1, 'red'), (2, 1, 'blue'), (3, 1, 'green')]",False
0,oa:gpt-4-1106-preview,6,False,"[(1, 1, 'red'), (2, 1, 'blue'), (3, 1, 'green')]",False
0,oa:gpt-4-1106-preview,7,False,"[(1, 1, 'red'), (2, 1, 'blue'), (3, 1, 'green')]",False
0,oa:gpt-4-1106-preview,8,False,"[(1, 1, 'red'), (2, 1, 'blue'), (3, 1, 'green')]",False
0,oa:gpt-4-1106-preview,9,False,"[(1, 1, 'red'), (2, 1, 'blue'), (3, 1, 'green')]",False
0,oa:gpt-4-1106-preview,10,False,"[(1, 1, 'red'), (2, 1, 'blue'), (3, 1, 'green')]",False
0,oa:gpt-4-1106-preview,11,False,"[(1, 1, 'red'), (2, 1, 'blue'), (3, 1, 'green')]",False
0,oa:gpt-4-1106-preview,12,False,"[(1, 1, 'red'), (2, 1, 'blue'), (3, 1, 'green')]",False
0,oa:gpt-4-1106-preview,13,False,"[(1, 1, 'red'), (2, 1, 'blue'), (3, 1, 'green')]",False
0,oa:gpt-4-1106-preview,14,False,"[(1, 1, 'red'), (2, 1, 'blue'), (3, 1, 'green')]",False
0,oa:gpt-4-1106-preview,15,False,"[(1, 1, 'red'), (2, 1, 'blue'), (3, 1, 'green')]",False
0,oa:gpt-4-1106-preview,16,False,"[(1, 1, 'red'), (2, 1, 'blue'), (3, 1, 'green')]",False
0,oa:gpt-4-1106-preview,17,False,"[(1, 1, 'red'), (2, 1, 'blue'), (3, 1, 'green')]",False
0,oa:gpt-4-1106-preview,18,False,"[(1, 1, 'red'), (2, 1, 'blue'), (3, 1, 'green')]",False
0,oa:gpt-4-1106-preview,19,False,"[(1, 1, 'red'), (2, 1, 'blue'), (3, 1, 'green')]",False
0,oa:gpt-4-1106-preview,20,False,"[(1, 1, 'red'), (2, 1, 'blue'), (3, 1, 'green')]",False
0,oa:gpt-4-1106-preview,21,False,"[(1, 1, 'red'), (2, 1, 'blue'), (3, 1, 'green')]",False
0,oa:gpt-4-1106-preview,22,False,"[(1, 1, 'red'), (2, 1, 'blue'), (3, 1, 'green')]",False
0,oa:gpt-4-1106-preview,23,False,"[(1, 1, 'red'), (2, 1, 'blue'), (3, 1, 'green')]",False
0,oa:gpt-4-1106-preview,24,False,"[(1, 1, 'red'), (2, 1, 'blue'), (3, 1, 'green')]",False
0,oa:gpt-4-1106-preview,25,False,"[(1, 1, 'red'), (2, 1, 'blue'), (3, 1, 'green')]",False
0,oa:gpt-4-1106-preview,26,False,"[(1, 1, 'red'), (2, 1, 'blue'), (3, 1, 'green')]",False
0,oa:gpt-4-1106-preview,27,False,"[(1, 1, 'red'), (2, 1, 'blue'), (3, 1, 'green')]",False
0,oa:gpt-4-1106-preview,28,False,"[(1, 1, 'red'), (2, 1, 'blue'), (3, 1, 'green')]",False
0,oa:gpt-4-1106-preview,29,False,"[(1, 1, 'red'), (2, 1, 'blue'), (3, 1, 'green')]",False
0,oa:gpt-4-1106-preview,30,False,"[(1, 1, 'red'), (2, 1, 'blue'), (3, 1, 'green')]",False
0,oa:gpt-4-1106-preview,31,False,"[(1, 1, 'red'), (2, 1, 'blue'), (3, 1, 'green')]",False
0,oa:gpt-4-1106-preview,32,False,"[(1, 1, 'red'), (2, 1, 'blue'), (3, 2, 'green')]",False
0,oa:gpt-4-1106-preview,33,False,"[(1, 1, 'red'), (2, 1, 'blue'), (3, 1, 'green')]",False
0,oa:gpt-4-1106-preview,34,False,"[(1, 1, 'red'), (2, 1, 'blue'), (3, 1, 'green')]",False
0,oa:gpt-4-1106-preview,35,False,"[(1, 1, 'red'), (2, 1, 'blue'), (3, 1, 'green')]",False
0,oa:gpt-4-1106-preview,36,False,"[(1, 1, 'red'), (2, 1, 'blue'), (3, 1, 'green')]",False
0,oa:gpt-4-1106-preview,37,False,"[(1, 1, 'red'), (2, 1, 'blue'), (3, 1, 'green')]",False
0,oa:gpt-4-1106-preview,38,False,"[(1, 1, 'red'), (2, 1, 'blue'), (3, 1, 'green')]",False
0,oa:gpt-4-1106-preview,39,False,"[(1, 1, 'red'), (2, 1, 'blue'), (3, 1, 'green')]",False
0,oa:gpt-4-1106-preview,40,False,"[(1, 1, 'red'), (2, 1, 'blue'), (3, 1, 'green')]",False
0,oa:gpt-4-1106-preview,41,False,"[(1, 1, 'red'), (2, 1, 'blue'), (3, 1, 'green')]",False
0,oa:gpt-4-1106-preview,42,False,"[(1, 1, 'red'), (2, 1, 'blue'), (3, 1, 'green')]",False
0,oa:gpt-4-1106-preview,43,False,"[(1, 1, 'red'), (2, 1, 'blue'), (3, 1, 'green')]",False
0,oa:gpt-4-1106-preview,44,False,"[(1, 1, 'red'), (2, 1, 'blue'), (3, 1, 'green')]",False
0,oa:gpt-4-1106-preview,45,False,"[(1, 1, 'red'), (2, 1, 'blue'), (3, 1, 'green')]",False
0,oa:gpt-4-1106-preview,46,False,"[(1, 1, 'red'), (2, 1, 'blue'), (3, 1, 'green')]",False
0,oa:gpt-4-1106-preview,47,False,"[(1, 1, 'red'), (2, 1, 'blue'), (3, 1, 'green')]",False
0,oa:gpt-4-1106-preview,48,False,"[(1, 1, 'red'), (2, 1, 'blue'), (3, 1, 'green')]",False
0,oa:gpt-4-1106-preview,49,False,"[(1, 1, 'red'), (2, 1, 'blue'), (3, 1, 'green')]",False
0,oa:gpt-4-1106-preview,50,False,"[(1, 1, 'red'), (2, 1, 'blue'), (3, 1, 'green')]",False
0,oa:gpt-4-1106-preview,51,False,"[(1, 1, 'red'), (2, 1, 'blue'), (3, 1, 'green')]",False
0,oa:gpt-4-1106-preview,52,False,"[(1, 1, 'red'), (2, 1, 'blue'), (3, 1, 'green')]",False
0,oa:gpt-4-1106-preview,53,False,"[(1, 1, 'red'), (2, 1, 'blue'), (3, 1, 'green')]",False
0,oa:gpt-4-1106-preview,54,False,"[(1, 1, 'red'), (2, 1, 'blue'), (3, 1, 'green')]",False
0,oa:gpt-4-1106-preview,55,False,"[(1, 1, 'red'), (2, 1, 'blue'), (3, 1, 'green')]",False
0,oa:gpt-4-1106-preview,56,False,"[(1, 1, 'red'), (2, 1, 'blue'), (3, 1, 'green')]",False
0,oa:gpt-4-1106-preview,57,False,"[(1, 1, 'red'), (2, 1, 'blue'), (3, 1, 'green')]",False
0,oa:gpt-4-1106-preview,58,False,"[(1, 1, 'red'), (2, 1, 'blue'), (3, 1, 'green')]",False
0,oa:gpt-4-1106-preview,59,False,"[(1, 1, 'red'), (2, 1, 'blue'), (3, 1, 'green')]",False
0,oa:gpt-4-1106-preview,60,False,"[(1, 1, 'red'), (2, 1, 'blue'), (3, 1, 'green')]",False
0,oa:gpt-4-1106-preview,61,False,"[(1, 1, 'red'), (2, 1, 'blue'), (3, 1, 'green')]",False
0,oa:gpt-4-1106-preview,62,False,"[(1, 1, 'red'), (2, 1, 'blue'), (3, 1, 'green')]",False
0,oa:gpt-4-1106-preview,63,False,"[(1, 1, 'red'), (2, 1, 'blue'), (3, 1, 'green')]",False
0,oa:gpt-4-1106-preview,64,False,"[(1, 1, 'red'), (2, 1, 'blue'), (3, 1, 'green')]",False
0,oa:gpt-4-1106-preview,65,False,"[(1, 1, 'red'), (2, 1, 'blue'), (3, 1, 'green')]",False
0,oa:gpt-4-1106-preview,66,False,"[(1, 1, 'red'), (2, 1, 'blue'), (3, 1, 'green')]",False
0,oa:gpt-4-1106-preview,67,False,"[(1, 1, 'red'), (2, 1, 'blue'), (3, 1, 'green')]",False
0,oa:gpt-4-1106-preview,68,False,"[(1, 1, 'red'), (2, 1, 'blue'), (3, 1, 'green')]",False
0,oa:gpt-4-1106-preview,69,False,"[(1, 1, 'red'), (2, 1, 'blue'), (3, 1, 'green')]",False
0,oa:gpt-4-1106-preview,70,False,"[(1, 1, 'red'), (2, 1, 'blue'), (3, 1, 'green')]",False
0,oa:gpt-4-1106-preview,71,False,"[(1, 1, 'red'), (2, 1, 'blue'), (3, 2, 'green')]",False
0,oa:gpt-4-1106-preview,72,False,"[(1, 1, 'red'), (2, 1, 'blue'), (3, 1, 'green')]",False
0,oa:gpt-4-1106-preview,73,False,"[(1, 1, 'red'), (2, 1, 'blue'), (3, 1, 'green')]",False
0,oa:gpt-4-1106-preview,74,False,"[(1, 1, 'red'), (2, 1, 'blue'), (3, 1, 'green')]",False
0,oa:gpt-4-1106-preview,75,False,"[(1, 1, 'red'), (2, 1, 'blue'), (3, 1, 'green')]",False
0,oa:gpt-4-1106-preview,76,False,"[(1, 1, 'red'), (2, 1, 'blue'), (3, 1, 'green')]",False
0,oa:gpt-4-1106-preview,77,False,"[(1, 1, 'red'), (2, 1, 'blue'), (3, 1, 'green')]",False
0,oa:gpt-4-1106-preview,78,False,"[(1, 1, 'red'), (2, 1, 'blue'), (3, 1, 'green')]",False
0,oa:gpt-4-1106-preview,79,False,"[(1, 1, 'red'), (2, 1, 'blue'), (3, 1, 'green')]",False
0,oa:gpt-4-1106-preview,80,False,"[(1, 1, 'red'), (2, 1, 'blue'), (3, 1, 'green')]",False
0,oa:gpt-4-1106-preview,81,False,"[(1, 1, 'red'), (2, 1, 'blue'), (3, 1, 'green')]",False
0,oa:gpt-4-1106-preview,82,False,"[(1, 1, 'red'), (2, 1, 'blue'), (3, 1, 'green')]",False
0,oa:gpt-4-1106-preview,83,False,"[(1, 1, 'red'), (2, 1, 'blue'), (3, 1, 'green')]",False
0,oa:gpt-4-1106-preview,84,False,"[(1, 1, 'red'), (2, 1, 'blue'), (3, 1, 'green')]",False
0,oa:gpt-4-1106-preview,85,False,"[(1, 1, 'red'), (2, 1, 'blue'), (3, 1, 'green')]",False
0,oa:gpt-4-1106-preview,86,False,"[(1, 1, 'red'), (2, 1, 'blue'), (3, 1, 'green')]",False
0,oa:gpt-4-1106-preview,87,False,"[(1, 1, 'red'), (2, 1, 'blue'), (3, 1, 'green')]",False
0,oa:gpt-4-1106-preview,88,False,"[(1, 1, 'red'), (2, 1, 'blue'), (3, 1, 'green')]",False
0,oa:gpt-4-1106-preview,89,False,"[(1, 1, 'red'), (2, 1, 'blue'), (3, 1, 'green')]",False
0,oa:gpt-4-1106-preview,90,False,"[(1, 1, 'red'), (2, 1, 'blue'), (3, 1, 'green')]",False
0,oa:gpt-4-1106-preview,91,False,"[(1, 1, 'red'), (2, 1, 'blue'), (3, 1, 'green')]",False
0,oa:gpt-4-1106-preview,92,False,"[(1, 1, 'red'), (2, 1, 'blue'), (3, 1, 'green')]",False
0,oa:gpt-4-1106-preview,93,False,"[(1, 1, 'red'), (2, 1, 'blue'), (3, 1, 'green')]",False
0,oa:gpt-4-1106-preview,94,False,"[(1, 1, 'red'), (2, 1, 'blue'), (3, 1, 'green')]",False
0,oa:gpt-4-1106-preview,95,False,"[(1, 1, 'red'), (2, 1, 'blue'), (3, 1, 'green')]",False
0,oa:gpt-4-1106-preview,96,False,"[(1, 1, 'red'), (2, 1, 'blue'), (3, 1, 'green')]",False
0,oa:gpt-4-1106-preview,97,False,"[(1, 1, 'red'), (2, 1, 'blue'), (3, 1, 'green')]",False
0,oa:gpt-4-1106-preview,98,False,"[(1, 1, 'red'), (2, 1, 'blue'), (3, 1, 'green')]",False
0,oa:gpt-4-1106-preview,99,False,"[(1, 1, 'red'), (2, 1, 'blue'), (3, 1, 'green')]",False
0,oa:gpt-4-1106-preview,100,False,"[(1, 1, 'red'), (2, 1, 'blue'), (3, 1, 'green')]",False
0.5,oa:gpt-4-1106-preview,1,False,"[(1, 1, 'red'), (2, 1, 'blue'), (3, 1, 'green')]",False
0.5,oa:gpt-4-1106-preview,2,False,"[(1, 1, 'red'), (2, 1, 'blue'), (3, 1, 'green')]",False
0.5,oa:gpt-4-1106-preview,3,False,"[(1, 1, 'red'), (2, 1, 'blue'), (3, 1, 'green')]",False
0.5,oa:gpt-4-1106-preview,4,False,"[(1, 1, 'red'), (2, 1, 'blue'), (3, 1, 'green')]",False
0.5,oa:gpt-4-1106-preview,5,False,"[(1, 1, 'red'), (2, 1, 'blue'), (3, 1, 'green')]",False
0.5,oa:gpt-4-1106-preview,6,False,"[(1, 1, 'red'), (2, 1, 'blue'), (3, 1, 'green')]",False
0.5,oa:gpt-4-1106-preview,7,False,"[(1, 1, 'red'), (2, 1, 'blue'), (3, 1, 'green')]",False
0.5,oa:gpt-4-1106-preview,8,False,"[(1, 1, 'red'), (2, 1, 'blue'), (3, 1, 'green')]",False
0.5,oa:gpt-4-1106-preview,9,False,"[(1, 1, 'red'), (2, 1, 'blue'), (3, 1, 'green')]",False
0.5,oa:gpt-4-1106-preview,10,False,"[(1, 1, 'red'), (2, 1, 'blue'), (3, 1, 'green')]",False
0.5,oa:gpt-4-1106-preview,11,False,"[(1, 1, 'red'), (2, 1, 'blue'), (3, 1, 'green')]",False
0.5,oa:gpt-4-1106-preview,12,False,"[(1, 1, 'red'), (2, 1, 'blue'), (3, 2, 'green')]",False
0.5,oa:gpt-4-1106-preview,13,False,"[(1, 1, 'red'), (2, 1, 'blue'), (3, 1, 'green')]",False
0.5,oa:gpt-4-1106-preview,14,False,"[(1, 1, 'red'), (2, 1, 'blue'), (3, 1, 'green')]",False
0.5,oa:gpt-4-1106-preview,15,False,"[(0, 0, 'red'), (1, 0, 'blue'), (2, 0, 'green')]",False
0.5,oa:gpt-4-1106-preview,16,False,"[(1, 1, 'red'), (2, 1, 'blue'), (3, 1, 'green')]",False
0.5,oa:gpt-4-1106-preview,17,False,"[(1, 1, 'red'), (2, 1, 'blue'), (3, 1, 'green')]",False
0.5,oa:gpt-4-1106-preview,18,False,"[(0, 0, 'red'), (2, 0, 'blue'), (4, 0, 'green')]",False
0.5,oa:gpt-4-1106-preview,19,False,"[(1, 1, 'red'), (2, 1, 'blue'), (3, 1, 'green')]",False
0.5,oa:gpt-4-1106-preview,20,False,"[(0, 0, 'red'), (2, 0, 'blue'), (4, 0, 'green')]",False
0.5,oa:gpt-4-1106-preview,21,False,"[(1, 1, 'red'), (2, 1, 'blue'), (3, 1, 'green')]",False
0.5,oa:gpt-4-1106-preview,22,False,"[(0, 0, 'red'), (2, 0, 'blue'), (4, 0, 'green')]",False
0.5,oa:gpt-4-1106-preview,23,False,"[(1, 1, 'red'), (2, 1, 'blue'), (3, 1, 'green')]",False
0.5,oa:gpt-4-1106-preview,24,False,"[(1, 1, 'red'), (2, 1, 'blue'), (3, 1, 'green')]",False
0.5,oa:gpt-4-1106-preview,25,False,"[(1, 1, 'red'), (2, 1, 'blue'), (3, 1, 'green')]",False
0.5,oa:gpt-4-1106-preview,26,False,"[(0, 0, 'red'), (2, 0, 'blue'), (4, 0, 'green')]",False
0.5,oa:gpt-4-1106-preview,27,False,"[(1, 1, 'red'), (2, 1, 'blue'), (3, 1, 'green')]",False
0.5,oa:gpt-4-1106-preview,28,False,"[(0, 0, 'red'), (2, 0, 'blue'), (4, 0, 'green')]",False
0.5,oa:gpt-4-1106-preview,29,False,"[(1, 1, 'red'), (2, 1, 'blue'), (3, 1, 'green')]",False
0.5,oa:gpt-4-1106-preview,30,False,"[(0, 0, 'red'), (2, 0, 'blue'), (4, 0, 'green')]",False
0.5,oa:gpt-4-1106-preview,31,False,"[(0, 0, 'red'), (2, 0, 'blue'), (4, 0, 'green')]",False
0.5,oa:gpt-4-1106-preview,32,False,"[(0, 0, 'red'), (2, 0, 'blue'), (4, 0, 'green')]",False
0.5,oa:gpt-4-1106-preview,33,False,"[(1, 1, 'red'), (2, 1, 'blue'), (3, 1, 'green')]",False
0.5,oa:gpt-4-1106-preview,34,False,"[(0, 0, 'red'), (2, 0, 'blue'), (4, 0, 'green')]",False
0.5,oa:gpt-4-1106-preview,35,False,"[(1, 1, 'red'), (2, 1, 'blue'), (3, 1, 'green')]",False
0.5,oa:gpt-4-1106-preview,36,False,"[(0, 0, 'red'), (2, 0, 'blue'), (4, 0, 'green')]",False
0.5,oa:gpt-4-1106-preview,37,False,"[(1, 1, 'red'), (2, 1, 'blue'), (3, 1, 'green')]",False
0.5,oa:gpt-4-1106-preview,38,False,"[(1, 1, 'red'), (2, 1, 'blue'), (3, 1, 'green')]",False
0.5,oa:gpt-4-1106-preview,39,False,"[(1, 1, 'red'), (3, 1, 'blue'), (5, 1, 'green')]",False
0.5,oa:gpt-4-1106-preview,40,False,"[(1, 1, 'red'), (2, 1, 'blue'), (3, 1, 'green')]",False
0.5,oa:gpt-4-1106-preview,41,False,"[(1, 1, 'red'), (2, 1, 'blue'), (3, 1, 'green')]",False
0.5,oa:gpt-4-1106-preview,42,False,"[(1, 1, 'red'), (2, 1, 'blue'), (3, 1, 'green')]",False
0.5,oa:gpt-4-1106-preview,43,False,"[(1, 1, 'red'), (2, 1, 'blue'), (3, 1, 'green')]",False
0.5,oa:gpt-4-1106-preview,44,False,"[(1, 1, 'red'), (2, 1, 'blue'), (3, 1, 'green')]",False
0.5,oa:gpt-4-1106-preview,45,False,"[(1, 1, 'red'), (2, 1, 'blue'), (3, 1, 'green')]",False
0.5,oa:gpt-4-1106-preview,46,False,"[(1, 1, 'red'), (2, 1, 'blue'), (3, 1, 'green')]",False
0.5,oa:gpt-4-1106-preview,47,False,"[(1, 1, 'red'), (2, 1, 'blue'), (3, 1, 'green')]",False
0.5,oa:gpt-4-1106-preview,48,False,"[(1, 1, 'red'), (2, 1, 'blue'), (3, 1, 'green')]",False
0.5,oa:gpt-4-1106-preview,49,False,"[(0, 0, 'red'), (2, 0, 'green'), (4, 0, 'blue')]",False
0.5,oa:gpt-4-1106-preview,50,False,"[(1, 1, 'red'), (2, 1, 'blue'), (3, 1, 'green')]",False
0.5,oa:gpt-4-1106-preview,51,False,"[(1, 1, 'red'), (2, 1, 'blue'), (3, 1, 'green')]",False
0.5,oa:gpt-4-1106-preview,52,False,"[(1, 1, 'red'), (2, 1, 'blue'), (3, 1, 'green')]",False
0.5,oa:gpt-4-1106-preview,53,False,"[(1, 1, 'red'), (2, 1, 'blue'), (3, 1, 'green')]",False
0.5,oa:gpt-4-1106-preview,54,False,"[(1, 1, 'red'), (2, 1, 'blue'), (3, 1, 'green')]",False
0.5,oa:gpt-4-1106-preview,55,False,"[(1, 1, 'red'), (2, 1, 'blue'), (3, 1, 'green')]",False
0.5,oa:gpt-4-1106-preview,56,False,"[(1, 1, 'red'), (2, 1, 'blue'), (3, 1, 'green')]",False
0.5,oa:gpt-4-1106-preview,57,False,"[(1, 1, 'red'), (2, 1, 'blue'), (3, 1, 'green')]",False
0.5,oa:gpt-4-1106-preview,58,False,"[(0, 0, 'red'), (2, 0, 'blue'), (4, 0, 'green')]",False
0.5,oa:gpt-4-1106-preview,59,False,"[(1, 1, 'red'), (2, 1, 'blue'), (3, 1, 'green')]",False
0.5,oa:gpt-4-1106-preview,60,False,"[(1, 1, 'red'), (2, 1, 'blue'), (3, 1, 'green')]",False
0.5,oa:gpt-4-1106-preview,61,False,"[(1, 1, 'red'), (2, 1, 'blue'), (3, 1, 'green')]",False
0.5,oa:gpt-4-1106-preview,62,False,"[(0, 0, 'red'), (2, 0, 'blue'), (4, 0, 'green')]",False
0.5,oa:gpt-4-1106-preview,63,False,"[(0, 0, 'red'), (2, 0, 'blue'), (4, 0, 'green')]",False
0.5,oa:gpt-4-1106-preview,64,False,"[(1, 1, 'red'), (2, 1, 'blue'), (3, 1, 'green')]",False
0.5,oa:gpt-4-1106-preview,65,False,"[(0, 0, 'red'), (2, 0, 'blue'), (4, 0, 'green')]",False
0.5,oa:gpt-4-1106-preview,66,False,"[(0, 0, 'red'), (2, 0, 'blue'), (4, 0, 'green')]",False
0.5,oa:gpt-4-1106-preview,67,False,"[(1, 1, 'red'), (2, 1, 'blue'), (3, 1, 'green')]",False
0.5,oa:gpt-4-1106-preview,68,False,"[(1, 1, 'red'), (2, 1, 'blue'), (3, 1, 'green')]",False
0.5,oa:gpt-4-1106-preview,69,False,"[(0, 0, 'red'), (2, 0, 'blue'), (4, 0, 'green')]",False
0.5,oa:gpt-4-1106-preview,70,False,"[(1, 1, 'red'), (2, 1, 'blue'), (3, 1, 'green')]",False
0.5,oa:gpt-4-1106-preview,71,False,"[(0, 0, 'red'), (2, 0, 'blue'), (4, 0, 'green')]",False
0.5,oa:gpt-4-1106-preview,72,False,"[(0, 0, 'red'), (2, 0, 'blue'), (4, 0, 'green')]",False
0.5,oa:gpt-4-1106-preview,73,False,"[(1, 1, 'red'), (2, 1, 'blue'), (3, 1, 'green')]",False
0.5,oa:gpt-4-1106-preview,74,False,"[(1, 1, 'red'), (2, 1, 'blue'), (3, 1, 'green')]",False
0.5,oa:gpt-4-1106-preview,75,False,"[(1, 1, 'red'), (2, 1, 'blue'), (3, 1, 'green')]",False
0.5,oa:gpt-4-1106-preview,76,False,"[(1, 1, 'red'), (2, 1, 'blue'), (3, 1, 'green')]",False
0.5,oa:gpt-4-1106-preview,77,False,"[(0, 0, 'red'), (2, 0, 'blue'), (4, 0, 'green')]",False
0.5,oa:gpt-4-1106-preview,78,False,"[(1, 1, 'red'), (2, 1, 'blue'), (3, 1, 'green')]",False
0.5,oa:gpt-4-1106-preview,79,False,"[(1, 1, 'red'), (2, 1, 'blue'), (3, 1, 'green')]",False
0.5,oa:gpt-4-1106-preview,80,False,"[(1, 1, 'red'), (2, 1, 'blue'), (3, 1, 'green')]",False
0.5,oa:gpt-4-1106-preview,81,False,"[(1, 1, 'red'), (2, 1, 'blue'), (3, 1, 'green')]",False
0.5,oa:gpt-4-1106-preview,82,False,"[(1, 1, 'red'), (2, 1, 'blue'), (3, 1, 'green')]",False
0.5,oa:gpt-4-1106-preview,83,False,"[(1, 1, 'red'), (2, 1, 'blue'), (3, 1, 'green')]",False
0.5,oa:gpt-4-1106-preview,84,False,"[(1, 1, 'red'), (2, 1, 'blue'), (3, 1, 'green')]",False
0.5,oa:gpt-4-1106-preview,85,False,"[(1, 1, 'red'), (2, 1, 'blue'), (3, 1, 'green')]",False
0.5,oa:gpt-4-1106-preview,86,False,"[(0, 0, 'red'), (2, 0, 'blue'), (4, 0, 'green')]",False
0.5,oa:gpt-4-1106-preview,87,False,"[(1, 1, 'red'), (2, 1, 'blue'), (3, 1, 'green')]",False
0.5,oa:gpt-4-1106-preview,88,False,"[(1, 1, 'red'), (2, 1, 'blue'), (3, 1, 'green')]",False
0.5,oa:gpt-4-1106-preview,89,False,"[(1, 1, 'red'), (2, 1, 'blue'), (3, 1, 'green')]",False
0.5,oa:gpt-4-1106-preview,90,False,"[(0, 0, 'red'), (2, 0, 'blue'), (4, 0, 'green')]",False
0.5,oa:gpt-4-1106-preview,91,False,"[(1, 1, 'red'), (2, 1, 'blue'), (3, 1, 'green')]",False
0.5,oa:gpt-4-1106-preview,92,False,"[(1, 1, 'red'), (2, 1, 'blue'), (3, 1, 'green')]",False
0.5,oa:gpt-4-1106-preview,93,False,"[(0, 0, 'red'), (2, 0, 'blue'), (4, 0, 'green')]",False
0.5,oa:gpt-4-1106-preview,94,False,"[(1, 1, 'red'), (2, 1, 'blue'), (3, 1, 'green')]",False
0.5,oa:gpt-4-1106-preview,95,False,"[(1, 1, 'red'), (2, 1, 'blue'), (3, 1, 'green')]",False
0.5,oa:gpt-4-1106-preview,96,False,"[(1, 1, 'red'), (2, 1, 'blue'), (3, 1, 'green')]",False
0.5,oa:gpt-4-1106-preview,97,False,"[(1, 1, 'red'), (2, 1, 'blue'), (3, 2, 'green')]",False
0.5,oa:gpt-4-1106-preview,98,False,"[(1, 1, 'red'), (2, 1, 'blue'), (3, 1, 'green')]",False
0.5,oa:gpt-4-1106-preview,99,False,"[(1, 1, 'red'), (2, 1, 'blue'), (3, 1, 'green')]",False
0.5,oa:gpt-4-1106-preview,100,False,"[(1, 1, 'red'), (2, 1, 'blue'), (3, 1, 'green')]",False
1,oa:gpt-4-1106-preview,1,False,"[(1, 1, 'red'), (2, 1, 'blue'), (3, 1, 'green')]",False
1,oa:gpt-4-1106-preview,2,False,"[(1, 1, 'red'), (2, 1, 'blue'), (2, 2, 'green')]",False
1,oa:gpt-4-1106-preview,3,False,"[(1, 1, 'red'), (2, 1, 'blue'), (3, 1, 'green')]",False
1,oa:gpt-4-1106-preview,4,False,"[(1, 1, 'red'), (2, 1, 'blue'), (3, 1, 'green')]",False
1,oa:gpt-4-1106-preview,5,False,"[(1, 1, 'red'), (2, 1, 'blue'), (3, 2, 'yellow')]",False
1,oa:gpt-4-1106-preview,6,False,"[(1, 1, 'red'), (2, 1, 'blue'), (3, 1, 'green')]",False
1,oa:gpt-4-1106-preview,7,False,"[(1, 1, 'red'), (3, 1, 'blue'), (5, 1, 'green')]",False
1,oa:gpt-4-1106-preview,8,False,"[(1, 1, 'red'), (2, 1, 'blue'), (3, 1, 'green')]",False
1,oa:gpt-4-1106-preview,9,False,"[(1, 1, 'red'), (2, 1, 'blue'), (3, 1, 'green')]",False
1,oa:gpt-4-1106-preview,10,False,"[(1, 1, 'red'), (2, 1, 'blue'), (3, 1, 'green')]",False
1,oa:gpt-4-1106-preview,11,False,"[(0, 0, 'red'), (2, 0, 'blue'), (4, 0, 'green')]",False
1,oa:gpt-4-1106-preview,12,False,"[(0, 0, 'red'), (2, 0, 'blue'), (4, 0, 'green')]",False
1,oa:gpt-4-1106-preview,13,False,"[(1, 1, 'red'), (2, 1, 'blue'), (3, 1, 'green')]",False
1,oa:gpt-4-1106-preview,14,False,"[(1, 1, 'red'), (2, 1, 'blue'), (3, 1, 'green')]",False
1,oa:gpt-4-1106-preview,15,False,"[(1, 1, 'red'), (2, 1, 'blue'), (3, 2, 'green')]",False
1,oa:gpt-4-1106-preview,16,False,"[(1, 1, 'red'), (2, 1, 'blue'), (3, 1, 'green')]",False
1,oa:gpt-4-1106-preview,17,False,"[(0, 0, 'red'), (2, 0, 'blue'), (4, 0, 'green')]",False
1,oa:gpt-4-1106-preview,18,False,"[(1, 1, 'red'), (2, 1, 'blue'), (3, 1, 'green')]",False
1,oa:gpt-4-1106-preview,19,False,"[(1, 1, 'red'), (2, 1, 'blue'), (3, 1, 'green')]",False
1,oa:gpt-4-1106-preview,20,False,"[(0, 0, 'red'), (2, 0, 'blue'), (4, 0, 'green')]",False
1,oa:gpt-4-1106-preview,21,False,"[(1, 1, 'red'), (2, 1, 'blue'), (3, 1, 'green')]",False
1,oa:gpt-4-1106-preview,22,False,"[(0, 0, 'red'), (2, 0, 'blue'), (4, 0, 'green')]",False
1,oa:gpt-4-1106-preview,23,False,"[(1, 1, 'red'), (2, 1, 'blue'), (3, 1, 'yellow')]",False
1,oa:gpt-4-1106-preview,24,False,"[(1, 1, 'red'), (3, 1, 'green'), (5, 1, 'blue')]",False
1,oa:gpt-4-1106-preview,25,False,"[(1, 1, 'red'), (3, 1, 'blue'), (5, 1, 'green')]",False
1,oa:gpt-4-1106-preview,26,False,"[(0, 0, 'red'), (2, 0, 'blue'), (4, 0, 'green')]",False
1,oa:gpt-4-1106-preview,27,False,"[(1, 1, 'red'), (2, 1, 'blue'), (3, 1, 'green')]",False
1,oa:gpt-4-1106-preview,28,False,"[(1, 1, 'red'), (2, 1, 'blue'), (3, 1, 'green')]",False
1,oa:gpt-4-1106-preview,29,False,"[(1, 1, 'red'), (2, 1, 'green'), (3, 1, 'blue')]",False
1,oa:gpt-4-1106-preview,30,False,"[(0, 0, 'red'), (2, 0, 'blue'), (4, 0, 'green')]",False
1,oa:gpt-4-1106-preview,31,False,"[(0, 0, 'red'), (2, 0, 'blue'), (4, 0, 'green')]",False
1,oa:gpt-4-1106-preview,32,False,"[(0, 0, 'red'), (2, 0, 'blue'), (4, 0, 'green')]",False
1,oa:gpt-4-1106-preview,33,False,"[(0, 0, 'red'), (2, 0, 'blue'), (4, 0, 'green')]",False
1,oa:gpt-4-1106-preview,34,False,"[(1, 1, 'red'), (2, 1, 'blue'), (3, 1, 'green')]",False
1,oa:gpt-4-1106-preview,35,False,"[(1, 1, 'red'), (2, 1, 'blue'), (1, 2, 'yellow')]",False
1,oa:gpt-4-1106-preview,36,False,"[(1, 1, 'red'), (2, 1, 'blue'), (3, 1, 'green')]",False
1,oa:gpt-4-1106-preview,37,False,"[(1, 1, 'red'), (2, 1, 'blue'), (3, 1, 'green')]",False
1,oa:gpt-4-1106-preview,38,False,"[(0, 0, 'red'), (2, 0, 'green'), (4, 0, 'blue')]",False
1,oa:gpt-4-1106-preview,39,False,"[(1, 1, 'red'), (2, 1, 'green'), (3, 1, 'blue')]",False
1,oa:gpt-4-1106-preview,40,False,"[(1, 1, 'red'), (2, 1, 'blue'), (1, 2, 'green')]",False
1,oa:gpt-4-1106-preview,41,False,"[(0, 0, 'red'), (2, 0, 'blue'), (4, 0, 'yellow')]",False
1,oa:gpt-4-1106-preview,42,False,"[(1, 1, 'red'), (3, 1, 'blue'), (5, 1, 'green')]",False
1,oa:gpt-4-1106-preview,43,False,"[(0, 0, 'red'), (2, 0, 'green'), (4, 0, 'blue')]",False
1,oa:gpt-4-1106-preview,44,False,"[(1, 1, 'red'), (3, 1, 'blue'), (5, 1, 'green')]",False
1,oa:gpt-4-1106-preview,45,False,"[(0, 0, 'red'), (2, 0, 'blue'), (4, 0, 'green')]",False
1,oa:gpt-4-1106-preview,46,False,"[(1, 1, 'red'), (2, 1, 'green'), (3, 1, 'blue')]",False
1,oa:gpt-4-1106-preview,47,False,"[(1, 1, 'red'), (2, 1, 'blue'), (3, 1, 'green')]",False
1,oa:gpt-4-1106-preview,48,False,"[(1, 1, 'red'), (2, 1, 'blue'), (3, 1, 'green')]",False
1,oa:gpt-4-1106-preview,49,False,"[(1, 1, 'red'), (3, 1, 'blue'), (5, 1, 'green')]",False
1,oa:gpt-4-1106-preview,50,False,"[(1, 1, 'red'), (2, 1, 'blue'), (3, 1, 'yellow')]",False
1,oa:gpt-4-1106-preview,51,False,"[(0, 0, 'red'), (2, 0, 'blue'), (4, 0, 'green')]",False
1,oa:gpt-4-1106-preview,52,False,"[(1, 1, 'red'), (2, 1, 'blue'), (3, 1, 'green')]",False
1,oa:gpt-4-1106-preview,53,False,"[(0, 0, 'red'), (2, 0, 'blue'), (4, 0, 'green')]",False
1,oa:gpt-4-1106-preview,54,False,"[(1, 1, 'red'), (2, 1, 'blue'), (3, 1, 'green')]",False
1,oa:gpt-4-1106-preview,55,False,"[(1, 1, 'red'), (2, 1, 'blue'), (3, 1, 'green')]",False
1,oa:gpt-4-1106-preview,56,False,"[(1, 1, 'red'), (2, 1, 'blue'), (1, 2, 'green')]",False
1,oa:gpt-4-1106-preview,57,False,"[(1, 1, 'red'), (2, 1, 'blue'), (3, 1, 'green')]",False
1,oa:gpt-4-1106-preview,58,False,"[(1, 1, 'red'), (2, 1, 'blue'), (3, 1, 'green')]",False
1,oa:gpt-4-1106-preview,59,False,"[(0, 0, 'red'), (1, 0, 'blue'), (2, 0, 'green')]",False
1,oa:gpt-4-1106-preview,60,False,"[(1, 1, 'red'), (1, 2, 'blue'), (2, 1, 'green')]",False
1,oa:gpt-4-1106-preview,61,False,"[(1, 1, 'red'), (2, 1, 'blue'), (3, 1, 'green')]",False
1,oa:gpt-4-1106-preview,62,False,"[(0, 0, 'red'), (2, 0, 'blue'), (4, 0, 'green')]",False
1,oa:gpt-4-1106-preview,63,False,"[(0, 0, 'red'), (2, 0, 'blue'), (4, 0, 'green')]",False
1,oa:gpt-4-1106-preview,64,False,"[(1, 1, 'red'), (2, 1, 'blue'), (3, 1, 'green')]",False
1,oa:gpt-4-1106-preview,65,False,"[(0, 0, 'red'), (2, 0, 'green'), (4, 0, 'blue')]",False
1,oa:gpt-4-1106-preview,66,False,"[(0, 0, 'red'), (2, 0, 'blue'), (4, 0, 'green')]",False
1,oa:gpt-4-1106-preview,67,False,"[(1, 1, 'red'), (3, 1, 'blue'), (5, 1, 'green')]",False
1,oa:gpt-4-1106-preview,68,False,"[(1, 1, 'red'), (2, 1, 'green'), (3, 1, 'blue')]",False
1,oa:gpt-4-1106-preview,69,False,"[(1, 0, 'red'), (2, 1, 'blue'), (3, 0, 'green')]",False
1,oa:gpt-4-1106-preview,70,False,"[(1, 1, 'red'), (2, 1, 'blue'), (3, 1, 'green')]",False
1,oa:gpt-4-1106-preview,71,False,"[(0, 0, 'red'), (2, 0, 'blue'), (4, 0, 'green')]",False
1,oa:gpt-4-1106-preview,72,False,"[(1, 1, 'red'), (2, 1, 'blue'), (3, 1, 'green')]",False
1,oa:gpt-4-1106-preview,73,False,"[(1, 1, 'red'), (2, 1, 'blue'), (3, 1, 'green')]",False
1,oa:gpt-4-1106-preview,74,False,"[(1, 1, 'red'), (2, 1, 'blue'), (3, 1, 'green')]",False
1,oa:gpt-4-1106-preview,75,False,"[(1, 1, 'red'), (2, 1, 'green'), (3, 2, 'blue')]",False
1,oa:gpt-4-1106-preview,76,False,"[(0, 0, 'red'), (2, 0, 'blue'), (4, 0, 'green')]",False
1,oa:gpt-4-1106-preview,77,False,"[(1, 1, 'red'), (2, 1, 'blue'), (3, 1, 'green')]",False
1,oa:gpt-4-1106-preview,78,False,"[(1, 1, 'red'), (2, 1, 'blue'), (3, 1, 'green')]",False
1,oa:gpt-4-1106-preview,79,False,"[(0, 0, 'red'), (2, 0, 'blue'), (4, 0, 'green')]",False
1,oa:gpt-4-1106-preview,80,False,"[(1, 1, 'red'), (2, 1, 'blue'), (3, 1, 'green')]",False
1,oa:gpt-4-1106-preview,81,False,"[(1, 1, 'red'), (2, 1, 'blue'), (3, 1, 'green')]",False
1,oa:gpt-4-1106-preview,82,False,"[(0, 0, 'red'), (2, 0, 'blue'), (4, 0, 'green')]",False
1,oa:gpt-4-1106-preview,83,False,"[(0, 0, 'red'), (2, 0, 'blue'), (4, 0, 'green')]",False
1,oa:gpt-4-1106-preview,84,False,"[(0, 0, 'red'), (2, 0, 'blue'), (4, 0, 'green')]",False
1,oa:gpt-4-1106-preview,85,False,"[(1, 1, 'red'), (2, 1, 'blue'), (3, 2, 'green')]",False
1,oa:gpt-4-1106-preview,86,False,"[(1, 1, 'red'), (2, 1, 'blue'), (3, 1, 'green')]",False
1,oa:gpt-4-1106-preview,87,False,"[(0, 0, 'red'), (2, 0, 'green'), (4, 0, 'blue')]",False
1,oa:gpt-4-1106-preview,88,False,"[(1, 1, 'red'), (2, 1, 'blue'), (3, 1, 'green')]",False
1,oa:gpt-4-1106-preview,89,False,"[(1, 1, 'red'), (2, 1, 'blue'), (3, 2, 'green')]",False
1,oa:gpt-4-1106-preview,90,False,"[(1, 1, 'red'), (2, 1, 'blue'), (3, 1, 'green')]",False
1,oa:gpt-4-1106-preview,91,False,"[(1, 0, 'red'), (2, 0, 'green'), (3, 0, 'blue')]",False
1,oa:gpt-4-1106-preview,92,False,"[(0, 0, 'red'), (2, 0, 'blue'), (4, 0, 'green')]",False
1,oa:gpt-4-1106-preview,93,False,"[(0, 0, 'red'), (2, 0, 'blue'), (4, 0, 'green')]",False
1,oa:gpt-4-1106-preview,94,False,"[(1, 1, 'red'), (2, 1, 'blue'), (3, 1, 'green')]",False
1,oa:gpt-4-1106-preview,95,False,"[(0, 0, 'red'), (2, 0, 'blue'), (4, 0, 'green')]",False
1,oa:gpt-4-1106-preview,96,False,"[(0, 0, 'red'), (2, 0, 'blue'), (4, 0, 'green')]",False
1,oa:gpt-4-1106-preview,97,False,"[(0, 0, 'red'), (2, 0, 'blue'), (4, 0, 'green')]",False
1,oa:gpt-4-1106-preview,98,False,"[(1, 1, 'red'), (2, 1, 'blue'), (3, 1, 'green')]",False
1,oa:gpt-4-1106-preview,99,False,"[(1, 1, 'red'), (2, 1, 'blue'), (1, 2, 'yellow')]",False
1,oa:gpt-4-1106-preview,100,False,"[(1, 1, 'red'), (2, 1, 'blue'), (3, 1, 'green')]",False
1.5,oa:gpt-4-1106-preview,1,False,"[(1, 1, 'red'), (2, 1, 'green'), (3, 1, 'blue')]",False
1.5,oa:gpt-4-1106-preview,2,False,"[(1, 0, 'red'), (2, 0, 'blue'), (3, 0, 'green')]",False
1.5,oa:gpt-4-1106-preview,3,False,"[(1, 1, 'red'), (3, 1, 'blue'), (5, 2, 'green')]",False
1.5,oa:gpt-4-1106-preview,4,False,"[(1, 1, 'red'), (2, 2, 'green'), (3, 1, 'blue')]",False
1.5,oa:gpt-4-1106-preview,5,False,"[(1, 1, 'red'), (2, 1, 'blue'), (3, 2, 'green')]",False
1.5,oa:gpt-4-1106-preview,6,False,"[(0, 0, 'red'), (0, 1, 'blue'), (1, 1, 'green')]",False
1.5,oa:gpt-4-1106-preview,7,False,"[(1, 1, 'red'), (2, 1, 'green'), (3, 1, 'blue')]",False
1.5,oa:gpt-4-1106-preview,8,True,"[(1, 1, 'red'), (2, 2, 'blue'), (1, 3, 'green')]",True
1.5,oa:gpt-4-1106-preview,9,False,"[(1, 1, 'red'), (2, 1, 'blue'), (3, 1, 'green')]",False
1.5,oa:gpt-4-1106-preview,10,False,"[(1, 1, 'red'), (2, 1, 'blue'), (3, 1, 'green')]",False
1.5,oa:gpt-4-1106-preview,11,False,"[(0, 0, 'red'), (2, 0, 'blue'), (4, 1, 'green')]",False
1.5,oa:gpt-4-1106-preview,12,False,"[(1, 1, 'red'), (2, 1, 'blue'), (3, 1, 'green')]",False
1.5,oa:gpt-4-1106-preview,13,True,"[(1, 1, 'red'), (2, 2, 'green'), (3, 3, 'blue')]",True
1.5,oa:gpt-4-1106-preview,14,False,"[(0, 0, 'red'), (2, 0, 'blue'), (-3, 2, 'green')]",False
1.5,oa:gpt-4-1106-preview,15,False,"[(1, 1, 'red'), (2, 1, 'blue'), (3, 1, 'green')]",False
1.5,oa:gpt-4-1106-preview,16,False,"[(1, 0, 'red'), (3, 0, 'blue'), (5, 0, 'green')]",False
1.5,oa:gpt-4-1106-preview,17,False,"[(1, 1, 'red'), (2, 1, 'blue'), (3, 2, 'green')]",False
1.5,oa:gpt-4-1106-preview,18,False,"[(1, 1, 'red'), (1, 2, 'green'), (2, 1, 'blue')]",False
1.5,oa:gpt-4-1106-preview,19,False,"[(0, 0, 'red'), (2, 0, 'blue'), (4, 0, 'green')]",False
1.5,oa:gpt-4-1106-preview,20,False,"[(1, 1, 'red'), (2, 1, 'blue'), (3, 1, 'green')]",False
1.5,oa:gpt-4-1106-preview,21,True,"[(1, 1, 'red'), (1, 2, 'blue'), (1, 3, 'green')]",True
1.5,oa:gpt-4-1106-preview,22,False,"[(1, 1, 'red'), (2, 1, 'blue'), (3, 2, 'green')]",False
1.5,oa:gpt-4-1106-preview,23,False,"[(1, 1, 'red'), (2, 1, 'green'), (3, 1, 'blue')]",False
1.5,oa:gpt-4-1106-preview,24,False,"[(0, 0, 'red'), (2, 0, 'blue'), (4, 0, 'green')]",False
1.5,oa:gpt-4-1106-preview,25,False,"[(0, 0, 'red'), (2, 0, 'blue'), (4, 0, 'green')]",False
1.5,oa:gpt-4-1106-preview,26,False,"[(0, 0, 'blue'), (1, 0, 'red'), (2, 0, 'green')]",False
1.5,oa:gpt-4-1106-preview,27,False,"[(0, 0, 'red'), (1, 0, 'blue'), (2, 0, 'green')]",False
1.5,oa:gpt-4-1106-preview,28,False,"[(0, 0, 'red'), (2, 0, 'blue'), (4, 0, 'green')]",False
1.5,oa:gpt-4-1106-preview,29,False,"[(1, 1, 'red'), (2, 1, 'green'), (3, 2, 'blue')]",False
1.5,oa:gpt-4-1106-preview,30,False,"[(1, 1, 'red'), (3, 1, 'blue'), (2, 2, 'yellow')]",False
1.5,oa:gpt-4-1106-preview,31,False,"[(1, 1, 'red'), (2, 1, 'blue'), (1, 2, 'green')]",False
1.5,oa:gpt-4-1106-preview,32,False,"[(1, 1, 'red'), (2, 1, 'blue'), (3, 2, 'green')]",False
1.5,oa:gpt-4-1106-preview,33,False,"[(1, 1, 'red'), (2, 1, 'blue'), (3, 1, 'green')]",False
1.5,oa:gpt-4-1106-preview,34,False,"[(1, 1, 'red'), (2, 1, 'green'), (3, 1, 'blue')]",False
1.5,oa:gpt-4-1106-preview,35,False,"[(0, 0, 'red'), (1, 0, 'green'), (2, 0, 'blue')]",False
1.5,oa:gpt-4-1106-preview,36,False,"[(0, 0, 'red'), (1, 0, 'blue'), (2, 0, 'green')]",False
1.5,oa:gpt-4-1106-preview,37,False,"[(0, 0, 'red'), (1, 1, 'blue'), (2, 0, 'green')]",False
1.5,oa:gpt-4-1106-preview,38,False,"[(1, 1, 'red'), (2, 1, 'blue'), (3, 2, 'green')]",False
1.5,oa:gpt-4-1106-preview,39,False,"[(0, 0, 'red'), (2, 0, 'blue'), (4, 0, 'green')]",False
1.5,oa:gpt-4-1106-preview,40,False,"[(1, 1, 'red'), (2, 1, 'blue'), (3, 2, 'green')]",False
1.5,oa:gpt-4-1106-preview,41,False,"[(1, 1, 'red'), (2, 1, 'blue'), (3, 1, 'green')]",False
1.5,oa:gpt-4-1106-preview,42,False,"[(1, 1, 'red'), (2, 1, 'blue'), (3, 2, 'green')]",False
1.5,oa:gpt-4-1106-preview,43,False,"[(0, 0, 'red'), (2, 0, 'green'), (4, 0, 'blue')]",False
1.5,oa:gpt-4-1106-preview,44,False,"[(1, 1, 'yellow'), (2, 1, 'blue'), (3, 1, 'red')]",False
1.5,oa:gpt-4-1106-preview,45,False,"[(1, 1, 'red'), (3, 1, 'blue'), (5, 1, 'green')]",False
1.5,oa:gpt-4-1106-preview,46,False,"[(1, 1, 'red'), (2, 1, 'green'), (3, 1, 'blue')]",False
1.5,oa:gpt-4-1106-preview,47,False,"[(1, 1, 'red'), (2, 1, 'green'), (3, 1, 'blue')]",False
1.5,oa:gpt-4-1106-preview,48,False,"[(0, 0, 'red'), (1, 0, 'blue'), (2, 2, 'green')]",False
1.5,oa:gpt-4-1106-preview,49,False,"[(0, 0, 'red'), (2, 0, 'green'), (4, 1, 'blue')]",False
1.5,oa:gpt-4-1106-preview,50,False,"[(1, 1, 'red'), (2, 1, 'blue'), (3, 1, 'green')]",False
1.5,oa:gpt-4-1106-preview,51,False,"[(1, 1, 'red'), (2, 1, 'green'), (3, 1, 'blue')]",False
1.5,oa:gpt-4-1106-preview,52,False,"[(0, 0, 'red'), (2, 0, 'blue'), (4, 1, 'green')]",False
1.5,oa:gpt-4-1106-preview,53,True,"[(1, 1, 'red'), (2, 2, 'blue'), (3, 3, 'yellow')]",True
1.5,oa:gpt-4-1106-preview,54,False,"[(1, 1, 'red'), (2, 1, 'blue'), (3, 1, 'green')]",False
1.5,oa:gpt-4-1106-preview,55,False,"[(0, 0, 'red'), (2, 0, 'blue'), (4, 0, 'yellow')]",False
1.5,oa:gpt-4-1106-preview,56,False,"[(1, 1, 'red'), (2, 2, 'blue'), (3, 1, 'green')]",False
1.5,oa:gpt-4-1106-preview,57,False,"[(0, 0, 'red'), (1, 0, 'blue'), (2, 0, 'green')]",False
1.5,oa:gpt-4-1106-preview,58,False,"[(0, 0, 'red'), (2, 0, 'blue'), (4, 0, 'green')]",False
1.5,oa:gpt-4-1106-preview,59,False,"[(1, 1, 'red'), (2, 1, 'blue'), (3, 1, 'green')]",False
1.5,oa:gpt-4-1106-preview,60,False,"[(1, 1, 'red'), (2, 2, 'blue'), (3, 1, 'green')]",False
1.5,oa:gpt-4-1106-preview,61,False,"[(1, 1, 'red'), (2, 1, 'blue'), (3, 2, 'green')]",False
1.5,oa:gpt-4-1106-preview,62,False,"[(1, 0, 'red'), (2, 1, 'blue'), (2, 0, 'green')]",False
1.5,oa:gpt-4-1106-preview,63,False,"[(1, 1, 'red'), (2, 1, 'blue'), (3, 1, 'green')]",False
1.5,oa:gpt-4-1106-preview,64,False,"[(1, 1, 'red'), (2, 1, 'blue'), (3, 1, 'green')]",False
1.5,oa:gpt-4-1106-preview,65,False,"[(1, 1, 'red'), (2, 1, 'blue'), (3, 1, 'green')]",False
1.5,oa:gpt-4-1106-preview,66,False,"[(0, 0, 'blue'), (2, 0, 'red'), (4, 0, 'green')]",False
1.5,oa:gpt-4-1106-preview,67,False,"[(1, 1, 'red'), (2, 1, 'green'), (3, 2, 'blue')]",False
1.5,oa:gpt-4-1106-preview,68,False,"[(1, 2, 'red'), (2, 3, 'blue'), (3, 2, 'green')]",False
1.5,oa:gpt-4-1106-preview,69,False,"[(0, 0, 'red'), (2, 0, 'blue'), (4, 0, 'yellow')]",False
1.5,oa:gpt-4-1106-preview,70,False,"[(0, 0, 'blue'), (2, 0, 'red'), (4, 0, 'green')]",False
1.5,oa:gpt-4-1106-preview,71,False,"[(1, 1, 'red'), (2, 1, 'blue'), (3, 1, 'green')]",False
1.5,oa:gpt-4-1106-preview,72,False,"[(1, 1, 'red'), (2, 1, 'blue'), (3, 2, 'green')]",False
1.5,oa:gpt-4-1106-preview,73,False,"[(1, 1, 'red'), (2, 2, 'blue'), (3, 1, 'green')]",False
1.5,oa:gpt-4-1106-preview,74,False,"[(1, 1, 'green'), (2, 2, 'blue'), (3, 1, 'red')]",False
1.5,oa:gpt-4-1106-preview,75,False,"[(1, 1, 'red'), (2, 1, 'blue'), (3, 1, 'green')]",False
1.5,oa:gpt-4-1106-preview,76,False,"[(1, 1, 'red'), (2, 1, 'blue'), (1, 2, 'yellow')]",False
1.5,oa:gpt-4-1106-preview,77,False,"[(1, 1, 'blue'), (2, 1, 'red'), (3, 1, 'yellow')]",False
1.5,oa:gpt-4-1106-preview,78,False,"[(1, 1, 'red'), (3, 1, 'blue'), (5, 1, 'green')]",False
1.5,oa:gpt-4-1106-preview,79,False,"[(0, 0, 'red'), (2, 0, 'blue'), (4, 0, 'green')]",False
1.5,oa:gpt-4-1106-preview,80,False,"[(1, 1, 'red'), (2, 1, 'blue'), (3, 1, 'green')]",False
1.5,oa:gpt-4-1106-preview,81,False,"[(1, 1, 'red'), (2, 1, 'blue'), (1, 2, 'green')]",False
1.5,oa:gpt-4-1106-preview,82,False,"[(1, 1, 'red'), (2, 1, 'green'), (3, 1, 'blue')]",False
1.5,oa:gpt-4-1106-preview,83,False,"[(1, 1, 'red'), (2, 1, 'blue'), (3, 1, 'green')]",False
1.5,oa:gpt-4-1106-preview,84,False,"[(0, 0, 'blue'), (2, 0, 'red'), (4, 0, 'green')]",False
1.5,oa:gpt-4-1106-preview,85,False,"[(0, 0, 'red'), (2, 0, 'blue'), (4, 0, 'green')]",False
1.5,oa:gpt-4-1106-preview,86,False,"[(0, 0, 'red'), (2, 0, 'blue'), (4, 0, 'green')]",False
1.5,oa:gpt-4-1106-preview,87,False,"[(0, 0, 'red'), (2, 0, 'green'), (4, 0, 'blue')]",False
1.5,oa:gpt-4-1106-preview,88,False,"[(1, 1, 'red'), (2, 1, 'blue'), (3, 1, 'green')]",False
1.5,oa:gpt-4-1106-preview,89,False,"[(1, 1, 'red'), (2, 1, 'blue'), (3, 1, 'green')]",False
1.5,oa:gpt-4-1106-preview,90,False,"[(1, 2, 'blue'), (2, 2, 'red'), (3, 2, 'green')]",False
1.5,oa:gpt-4-1106-preview,91,False,"[(1, 1, 'red'), (2, 2, 'green'), (3, 1, 'blue')]",False
1.5,oa:gpt-4-1106-preview,92,False,"[(0, 0, 'red'), (2, 0, 'green'), (4, 0, 'blue')]",False
1.5,oa:gpt-4-1106-preview,93,False,"[(0, 0, 'red'), (2, 0, 'green'), (4, 1, 'blue')]",False
1.5,oa:gpt-4-1106-preview,94,False,"[(0, 0, 'red'), (2, 0, 'blue'), (4, 0, 'yellow')]",False
1.5,oa:gpt-4-1106-preview,95,False,"[(0, 0, 'blue'), (1, 0, 'red'), (2, 0, 'green')]",False
1.5,oa:gpt-4-1106-preview,96,False,"[(1, 1, 'red'), (2, 1, 'green'), (3, 1, 'blue')]",False
1.5,oa:gpt-4-1106-preview,97,False,"[(0, 0, 'red'), (0, 1, 'green'), (2, 1, 'blue')]",False
1.5,oa:gpt-4-1106-preview,98,False,"[(0, 0, 'red'), (2, 0, 'blue'), (4, 0, 'green')]",False
1.5,oa:gpt-4-1106-preview,99,False,"[(1, 2, 'red'), (2, 2, 'blue'), (3, 2, 'green')]",False
1.5,oa:gpt-4-1106-preview,100,False,"[(1, 1, 'red'), (2, 1, 'green'), (3, 1, 'blue')]",False
0,oa:gpt-3.5-turbo-1106,1,False,"[(0, 0, 'red'), (1, 0, 'blue'), (0, 1, 'green')]",False
0,oa:gpt-3.5-turbo-1106,2,False,"[(0, 0, 'red'), (1, 0, 'blue'), (0, 1, 'green')]",False
0,oa:gpt-3.5-turbo-1106,3,False,"[(0, 0, 'red'), (1, 0, 'blue'), (0, 1, 'green')]",False
0,oa:gpt-3.5-turbo-1106,4,False,"[(0, 0, 'red'), (1, 0, 'blue'), (0, 1, 'green')]",False
0,oa:gpt-3.5-turbo-1106,5,False,"[(0, 0, 'red'), (1, 0, 'blue'), (0, 1, 'green')]",False
0,oa:gpt-3.5-turbo-1106,6,False,"[(0, 0, 'red'), (1, 0, 'blue'), (0, 1, 'green')]",False
0,oa:gpt-3.5-turbo-1106,7,False,"[(0, 0, 'red'), (1, 0, 'blue'), (0, 1, 'green')]",False
0,oa:gpt-3.5-turbo-1106,8,False,"[(0, 0, 'red'), (1, 0, 'blue'), (0, 1, 'green')]",False
0,oa:gpt-3.5-turbo-1106,9,False,"[(0, 0, 'red'), (1, 0, 'blue'), (0, 1, 'green')]",False
0,oa:gpt-3.5-turbo-1106,10,False,"[(0, 0, 'red'), (1, 0, 'blue'), (0, 1, 'green')]",False
0,oa:gpt-3.5-turbo-1106,11,False,"[(0, 0, 'red'), (1, 0, 'blue'), (0, 1, 'green')]",False
0,oa:gpt-3.5-turbo-1106,12,False,"[(0, 0, 'red'), (1, 0, 'blue'), (0, 1, 'green')]",False
0,oa:gpt-3.5-turbo-1106,13,False,"[(0, 0, 'red'), (1, 0, 'blue'), (0, 1, 'green')]",False
0,oa:gpt-3.5-turbo-1106,14,False,"[(0, 0, 'red'), (1, 0, 'blue'), (0, 1, 'green')]",False
0,oa:gpt-3.5-turbo-1106,15,False,"[(0, 0, 'red'), (1, 0, 'blue'), (0, 1, 'green')]",False
0,oa:gpt-3.5-turbo-1106,16,False,"[(0, 0, 'red'), (1, 0, 'blue'), (0, 1, 'green')]",False
0,oa:gpt-3.5-turbo-1106,17,False,"[(0, 0, 'red'), (1, 0, 'blue'), (0, 1, 'green')]",False
0,oa:gpt-3.5-turbo-1106,18,False,"[(0, 0, 'red'), (1, 0, 'blue'), (0, 1, 'green')]",False
0,oa:gpt-3.5-turbo-1106,19,False,"[(0, 0, 'red'), (1, 0, 'blue'), (0, 1, 'green')]",False
0,oa:gpt-3.5-turbo-1106,20,False,"[(0, 0, 'red'), (1, 0, 'blue'), (0, 1, 'green')]",False
0,oa:gpt-3.5-turbo-1106,21,False,"[(0, 0, 'red'), (1, 0, 'blue'), (0, 1, 'green')]",False
0,oa:gpt-3.5-turbo-1106,22,False,"[(0, 0, 'red'), (1, 0, 'blue'), (0, 1, 'green')]",False
0,oa:gpt-3.5-turbo-1106,23,False,"[(0, 0, 'red'), (1, 0, 'blue'), (0, 1, 'green')]",False
0,oa:gpt-3.5-turbo-1106,24,False,"[(0, 0, 'red'), (1, 0, 'blue'), (0, 1, 'green')]",False
0,oa:gpt-3.5-turbo-1106,25,False,"[(0, 0, 'red'), (1, 0, 'blue'), (0, 1, 'green')]",False
0,oa:gpt-3.5-turbo-1106,26,False,"[(0, 0, 'red'), (1, 0, 'blue'), (0, 1, 'green')]",False
0,oa:gpt-3.5-turbo-1106,27,False,"[(0, 0, 'red'), (1, 0, 'blue'), (0, 1, 'green')]",False
0,oa:gpt-3.5-turbo-1106,28,False,"[(0, 0, 'red'), (1, 0, 'blue'), (0, 1, 'green')]",False
0,oa:gpt-3.5-turbo-1106,29,False,"[(0, 0, 'red'), (1, 0, 'blue'), (0, 1, 'green')]",False
0,oa:gpt-3.5-turbo-1106,30,False,"[(0, 0, 'red'), (1, 0, 'blue'), (0, 1, 'green')]",False
0,oa:gpt-3.5-turbo-1106,31,False,"[(0, 0, 'red'), (1, 0, 'blue'), (0, 1, 'green')]",False
0,oa:gpt-3.5-turbo-1106,32,False,"[(0, 0, 'red'), (1, 0, 'blue'), (0, 1, 'green')]",False
0,oa:gpt-3.5-turbo-1106,33,False,"[(0, 0, 'red'), (1, 0, 'blue'), (0, 1, 'green')]",False
0,oa:gpt-3.5-turbo-1106,34,False,"[(0, 0, 'red'), (1, 0, 'blue'), (0, 1, 'green')]",False
0,oa:gpt-3.5-turbo-1106,35,False,"[(0, 0, 'red'), (1, 0, 'blue'), (0, 1, 'green')]",False
0,oa:gpt-3.5-turbo-1106,36,False,"[(0, 0, 'red'), (1, 0, 'blue'), (0, 1, 'green')]",False
0,oa:gpt-3.5-turbo-1106,37,False,"[(0, 0, 'red'), (1, 0, 'blue'), (0, 1, 'green')]",False
0,oa:gpt-3.5-turbo-1106,38,False,"[(0, 0, 'red'), (1, 0, 'blue'), (0, 1, 'green')]",False
0,oa:gpt-3.5-turbo-1106,39,False,"[(0, 0, 'red'), (1, 0, 'blue'), (0, 1, 'green')]",False
0,oa:gpt-3.5-turbo-1106,40,False,"[(0, 0, 'red'), (1, 0, 'blue'), (0, 1, 'green')]",False
0,oa:gpt-3.5-turbo-1106,41,False,"[(0, 0, 'red'), (1, 0, 'blue'), (0, 1, 'green')]",False
0,oa:gpt-3.5-turbo-1106,42,False,"[(0, 0, 'red'), (1, 0, 'blue'), (0, 1, 'green')]",False
0,oa:gpt-3.5-turbo-1106,43,False,"[(0, 0, 'red'), (1, 0, 'blue'), (0, 1, 'green')]",False
0,oa:gpt-3.5-turbo-1106,44,False,"[(0, 0, 'red'), (1, 0, 'blue'), (0, 1, 'green')]",False
0,oa:gpt-3.5-turbo-1106,45,False,"[(0, 0, 'red'), (1, 0, 'blue'), (0, 1, 'green')]",False
0,oa:gpt-3.5-turbo-1106,46,False,"[(0, 0, 'red'), (1, 0, 'blue'), (0, 1, 'green')]",False
0,oa:gpt-3.5-turbo-1106,47,False,"[(0, 0, 'red'), (1, 0, 'blue'), (0, 1, 'green')]",False
0,oa:gpt-3.5-turbo-1106,48,False,"[(0, 0, 'red'), (1, 0, 'blue'), (0, 1, 'green')]",False
0,oa:gpt-3.5-turbo-1106,49,False,"[(0, 0, 'red'), (1, 0, 'blue'), (0, 1, 'green')]",False
0,oa:gpt-3.5-turbo-1106,50,False,"[(0, 0, 'red'), (1, 0, 'blue'), (0, 1, 'green')]",False
0,oa:gpt-3.5-turbo-1106,51,False,"[(0, 0, 'red'), (1, 0, 'blue'), (0, 1, 'green')]",False
0,oa:gpt-3.5-turbo-1106,52,False,"[(0, 0, 'red'), (1, 0, 'blue'), (0, 1, 'green')]",False
0,oa:gpt-3.5-turbo-1106,53,False,"[(0, 0, 'red'), (1, 0, 'blue'), (0, 1, 'green')]",False
0,oa:gpt-3.5-turbo-1106,54,False,"[(0, 0, 'red'), (1, 0, 'blue'), (0, 1, 'green')]",False
0,oa:gpt-3.5-turbo-1106,55,False,"[(0, 0, 'red'), (1, 0, 'blue'), (0, 1, 'green')]",False
0,oa:gpt-3.5-turbo-1106,56,False,"[(0, 0, 'red'), (1, 0, 'blue'), (0, 1, 'green')]",False
0,oa:gpt-3.5-turbo-1106,57,False,"[(0, 0, 'red'), (1, 0, 'blue'), (0, 1, 'green')]",False
0,oa:gpt-3.5-turbo-1106,58,False,"[(0, 0, 'red'), (1, 0, 'blue'), (0, 1, 'green')]",False
0,oa:gpt-3.5-turbo-1106,59,False,"[(0, 0, 'red'), (1, 0, 'blue'), (0, 1, 'green')]",False
0,oa:gpt-3.5-turbo-1106,60,False,"[(0, 0, 'red'), (1, 0, 'blue'), (0, 1, 'green')]",False
0,oa:gpt-3.5-turbo-1106,61,False,"[(0, 0, 'red'), (1, 0, 'blue'), (0, 1, 'green')]",False
0,oa:gpt-3.5-turbo-1106,62,False,"[(0, 0, 'red'), (1, 0, 'blue'), (0, 1, 'green')]",False
0,oa:gpt-3.5-turbo-1106,63,False,"[(0, 0, 'red'), (1, 0, 'blue'), (0, 1, 'green')]",False
0,oa:gpt-3.5-turbo-1106,64,False,"[(0, 0, 'red'), (1, 0, 'blue'), (0, 1, 'green')]",False
0,oa:gpt-3.5-turbo-1106,65,False,"[(0, 0, 'red'), (1, 0, 'blue'), (0, 1, 'green')]",False
0,oa:gpt-3.5-turbo-1106,66,False,"[(0, 0, 'red'), (1, 0, 'blue'), (0, 1, 'green')]",False
0,oa:gpt-3.5-turbo-1106,67,False,"[(0, 0, 'red'), (1, 0, 'blue'), (0, 1, 'green')]",False
0,oa:gpt-3.5-turbo-1106,68,False,"[(0, 0, 'red'), (1, 0, 'blue'), (0, 1, 'green')]",False
0,oa:gpt-3.5-turbo-1106,69,False,"[(0, 0, 'red'), (1, 0, 'blue'), (0, 1, 'green')]",False
0,oa:gpt-3.5-turbo-1106,70,False,"[(0, 0, 'red'), (1, 0, 'blue'), (0, 1, 'green')]",False
0,oa:gpt-3.5-turbo-1106,71,False,"[(0, 0, 'red'), (1, 0, 'blue'), (0, 1, 'green')]",False
0,oa:gpt-3.5-turbo-1106,72,False,"[(0, 0, 'red'), (1, 0, 'blue'), (0, 1, 'green')]",False
0,oa:gpt-3.5-turbo-1106,73,False,"[(0, 0, 'red'), (1, 0, 'blue'), (0, 1, 'green')]",False
0,oa:gpt-3.5-turbo-1106,74,False,"[(0, 0, 'red'), (1, 0, 'blue'), (0, 1, 'green')]",False
0,oa:gpt-3.5-turbo-1106,75,False,"[(0, 0, 'red'), (1, 0, 'blue'), (0, 1, 'yellow')]",False
0,oa:gpt-3.5-turbo-1106,76,False,"[(0, 0, 'red'), (1, 0, 'blue'), (0, 1, 'green')]",False
0,oa:gpt-3.5-turbo-1106,77,False,"[(0, 0, 'red'), (1, 0, 'blue'), (0, 1, 'green')]",False
0,oa:gpt-3.5-turbo-1106,78,False,"[(0, 0, 'red'), (1, 0, 'blue'), (0, 1, 'green')]",False
0,oa:gpt-3.5-turbo-1106,79,False,"[(0, 0, 'red'), (1, 0, 'blue'), (0, 1, 'green')]",False
0,oa:gpt-3.5-turbo-1106,80,False,"[(0, 0, 'red'), (1, 0, 'blue'), (0, 1, 'green')]",False
0,oa:gpt-3.5-turbo-1106,81,False,"[(0, 0, 'red'), (1, 0, 'blue'), (0, 1, 'green')]",False
0,oa:gpt-3.5-turbo-1106,82,False,"[(0, 0, 'red'), (1, 0, 'blue'), (0, 1, 'green')]",False
0,oa:gpt-3.5-turbo-1106,83,False,"[(0, 0, 'red'), (1, 0, 'blue'), (0, 1, 'green')]",False
0,oa:gpt-3.5-turbo-1106,84,False,"[(0, 0, 'red'), (1, 0, 'blue'), (0, 1, 'yellow')]",False
0,oa:gpt-3.5-turbo-1106,85,False,"[(0, 0, 'red'), (1, 0, 'blue'), (0, 1, 'green')]",False
0,oa:gpt-3.5-turbo-1106,86,False,"[(0, 0, 'red'), (1, 0, 'blue'), (0, 1, 'green')]",False
0,oa:gpt-3.5-turbo-1106,87,False,"[(0, 0, 'red'), (1, 0, 'blue'), (0, 1, 'green')]",False
0,oa:gpt-3.5-turbo-1106,88,False,"[(0, 0, 'red'), (1, 0, 'blue'), (0, 1, 'green')]",False
0,oa:gpt-3.5-turbo-1106,89,False,"[(0, 0, 'red'), (1, 0, 'blue'), (0, 1, 'green')]",False
0,oa:gpt-3.5-turbo-1106,90,False,"[(0, 0, 'red'), (1, 0, 'blue'), (0, 1, 'green')]",False
0,oa:gpt-3.5-turbo-1106,91,False,"[(0, 0, 'red'), (1, 0, 'blue'), (0, 1, 'green')]",False
0,oa:gpt-3.5-turbo-1106,92,False,"[(0, 0, 'red'), (1, 0, 'blue'), (0, 1, 'green')]",False
0,oa:gpt-3.5-turbo-1106,93,False,"[(0, 0, 'red'), (1, 0, 'blue'), (0, 1, 'green')]",False
0,oa:gpt-3.5-turbo-1106,94,False,"[(0, 0, 'red'), (1, 0, 'blue'), (0, 1, 'green')]",False
0,oa:gpt-3.5-turbo-1106,95,False,"[(0, 0, 'red'), (1, 0, 'blue'), (0, 1, 'green')]",False
0,oa:gpt-3.5-turbo-1106,96,False,"[(0, 0, 'red'), (1, 0, 'blue'), (0, 1, 'green')]",False
0,oa:gpt-3.5-turbo-1106,97,False,"[(0, 0, 'red'), (1, 0, 'blue'), (0, 1, 'green')]",False
0,oa:gpt-3.5-turbo-1106,98,False,"[(0, 0, 'red'), (1, 0, 'blue'), (0, 1, 'green')]",False
0,oa:gpt-3.5-turbo-1106,99,False,"[(0, 0, 'red'), (1, 0, 'blue'), (0, 1, 'green')]",False
0,oa:gpt-3.5-turbo-1106,100,False,"[(0, 0, 'red'), (1, 0, 'blue'), (0, 1, 'green')]",False
0.5,oa:gpt-3.5-turbo-1106,1,False,"[(0, 0, 'red'), (1, 0, 'blue'), (0, 1, 'green')]",False
0.5,oa:gpt-3.5-turbo-1106,2,False,"[(0, 0, 'red'), (1, 0, 'blue'), (0, 1, 'green')]",False
0.5,oa:gpt-3.5-turbo-1106,3,False,"[(0, 0, 'red'), (1, 0, 'blue'), (0, 1, 'yellow')]",False
0.5,oa:gpt-3.5-turbo-1106,4,False,"[(0, 0, 'red'), (1, 0, 'blue'), (0, 1, 'green')]",False
0.5,oa:gpt-3.5-turbo-1106,5,False,"[(0, 0, 'red'), (1, 0, 'blue'), (2, 0, 'yellow')]",False
0.5,oa:gpt-3.5-turbo-1106,6,False,"[(0, 0, 'red'), (1, 0, 'blue'), (0, 1, 'yellow')]",False
0.5,oa:gpt-3.5-turbo-1106,7,False,"[(0, 0, 'red'), (1, 0, 'blue'), (0, 1, 'yellow')]",False
0.5,oa:gpt-3.5-turbo-1106,8,False,"[(0, 0, 'red'), (1, 0, 'blue'), (0, 1, 'yellow')]",False
0.5,oa:gpt-3.5-turbo-1106,9,False,"[(0, 0, 'red'), (1, 0, 'blue'), (0, 1, 'green')]",False
0.5,oa:gpt-3.5-turbo-1106,10,False,"[(0, 0, 'red'), (1, 0, 'blue'), (0, 1, 'yellow')]",False
0.5,oa:gpt-3.5-turbo-1106,11,False,"[(0, 0, 'red'), (1, 0, 'blue'), (0, 1, 'green')]",False
0.5,oa:gpt-3.5-turbo-1106,12,False,"[(0, 0, 'red'), (1, 0, 'blue'), (0, 1, 'green')]",False
0.5,oa:gpt-3.5-turbo-1106,13,False,"[(0, 0, 'red'), (1, 0, 'blue'), (0, 1, 'yellow')]",False
0.5,oa:gpt-3.5-turbo-1106,14,False,"[(0, 0, 'red'), (0, 1, 'blue'), (1, 1, 'red')]",False
0.5,oa:gpt-3.5-turbo-1106,15,False,"[(0, 0, 'red'), (1, 0, 'blue'), (0, 1, 'green')]",False
0.5,oa:gpt-3.5-turbo-1106,16,False,"[(0, 0, 'red'), (1, 0, 'blue'), (0, 1, 'yellow')]",False
0.5,oa:gpt-3.5-turbo-1106,17,False,"[(0, 0, 'red'), (1, 0, 'blue'), (2, 0, 'green')]",False
0.5,oa:gpt-3.5-turbo-1106,18,False,"[(0, 0, 'red'), (1, 0, 'blue'), (0, 1, 'yellow')]",False
0.5,oa:gpt-3.5-turbo-1106,19,False,"[(0, 0, 'red'), (1, 0, 'blue'), (0, 1, 'yellow')]",False
0.5,oa:gpt-3.5-turbo-1106,20,False,"[(0, 0, 'red'), (1, 0, 'blue'), (0, 1, 'green')]",False
0.5,oa:gpt-3.5-turbo-1106,21,False,"[(0, 0, 'red'), (1, 0, 'blue'), (0, 1, 'green')]",False
0.5,oa:gpt-3.5-turbo-1106,22,False,"[(0, 0, 'red'), (1, 0, 'blue'), (0, 1, 'yellow')]",False
0.5,oa:gpt-3.5-turbo-1106,23,False,"[(0, 0, 'red'), (1, 0, 'blue'), (0, 1, 'yellow')]",False
0.5,oa:gpt-3.5-turbo-1106,24,False,"[(0, 0, 'red'), (1, 0, 'blue'), (0, 1, 'green')]",False
0.5,oa:gpt-3.5-turbo-1106,25,False,"[(0, 0, 'red'), (1, 0, 'blue'), (0, 1, 'green')]",False
0.5,oa:gpt-3.5-turbo-1106,26,False,"[(0, 0, 'red'), (1, 0, 'blue'), (0, 1, 'yellow')]",False
0.5,oa:gpt-3.5-turbo-1106,27,False,"[(0, 0, 'red'), (1, 0, 'blue'), (0, 1, 'green')]",False
0.5,oa:gpt-3.5-turbo-1106,28,False,"[(0, 0, 'red'), (1, 0, 'blue'), (0, 1, 'yellow')]",False
0.5,oa:gpt-3.5-turbo-1106,29,False,"[(0, 0, 'red'), (1, 0, 'blue'), (1, 1, 'green')]",False
0.5,oa:gpt-3.5-turbo-1106,30,False,"[(0, 0, 'red'), (1, 0, 'blue'), (0, 1, 'green')]",False
0.5,oa:gpt-3.5-turbo-1106,31,False,"[(0, 0, 'red'), (1, 0, 'blue'), (0, 1, 'yellow')]",False
0.5,oa:gpt-3.5-turbo-1106,32,False,"[(0, 0, 'red'), (1, 0, 'blue'), (0, 1, 'green')]",False
0.5,oa:gpt-3.5-turbo-1106,33,False,"[(0, 0, 'red'), (1, 0, 'blue'), (0, 1, 'green')]",False
0.5,oa:gpt-3.5-turbo-1106,34,False,"[(0, 0, 'red'), (1, 0, 'blue'), (0, 1, 'green')]",False
0.5,oa:gpt-3.5-turbo-1106,35,False,"[(0, 0, 'red'), (1, 0, 'blue'), (0, 1, 'green')]",False
0.5,oa:gpt-3.5-turbo-1106,36,False,"[(0, 0, 'red'), (1, 0, 'blue'), (0, 1, 'green')]",False
0.5,oa:gpt-3.5-turbo-1106,37,False,"[(0, 0, 'red'), (1, 0, 'blue'), (0, 1, 'green')]",False
0.5,oa:gpt-3.5-turbo-1106,38,False,"[(0, 0, 'red'), (1, 0, 'blue'), (0, 1, 'green')]",False
0.5,oa:gpt-3.5-turbo-1106,39,False,"[(0, 0, 'red'), (1, 0, 'blue'), (0, 1, 'yellow')]",False
0.5,oa:gpt-3.5-turbo-1106,40,False,"[(0, 0, 'red'), (1, 0, 'blue'), (0, 1, 'yellow')]",False
0.5,oa:gpt-3.5-turbo-1106,41,False,"[(0, 0, 'red'), (1, 0, 'blue'), (0, 1, 'yellow')]",False
0.5,oa:gpt-3.5-turbo-1106,42,False,"[(0, 0, 'red'), (1, 0, 'blue'), (0, 1, 'yellow')]",False
0.5,oa:gpt-3.5-turbo-1106,43,False,"[(0, 0, 'red'), (1, 0, 'blue'), (2, 0, 'green')]",False
0.5,oa:gpt-3.5-turbo-1106,44,False,"[(0, 0, 'red'), (1, 0, 'blue'), (0, 1, 'green')]",False
0.5,oa:gpt-3.5-turbo-1106,45,False,"[(0, 0, 'red'), (1, 0, 'blue'), (0, 1, 'yellow')]",False
0.5,oa:gpt-3.5-turbo-1106,46,False,"[(0, 0, 'red'), (1, 0, 'blue'), (0, 1, 'green')]",False
0.5,oa:gpt-3.5-turbo-1106,47,False,"[(0, 0, 'red'), (1, 0, 'blue'), (0, 1, 'green')]",False
0.5,oa:gpt-3.5-turbo-1106,48,False,"[(0, 0, 'red'), (1, 0, 'blue'), (0, 1, 'green')]",False
0.5,oa:gpt-3.5-turbo-1106,49,False,"[(0, 0, 'red'), (1, 0, 'blue'), (0, 1, 'green')]",False
0.5,oa:gpt-3.5-turbo-1106,50,False,"[(0, 0, 'red'), (1, 0, 'blue'), (0, 1, 'yellow')]",False
0.5,oa:gpt-3.5-turbo-1106,51,False,"[(0, 0, 'red'), (1, 0, 'blue'), (0, 1, 'green')]",False
0.5,oa:gpt-3.5-turbo-1106,52,False,"[(0, 0, 'red'), (1, 0, 'blue'), (0, 1, 'green')]",False
0.5,oa:gpt-3.5-turbo-1106,53,False,"[(0, 0, 'red'), (1, 0, 'blue'), (0, 1, 'yellow')]",False
0.5,oa:gpt-3.5-turbo-1106,54,False,"[(0, 0, 'red'), (1, 0, 'blue'), (0, 1, 'green')]",False
0.5,oa:gpt-3.5-turbo-1106,55,False,"[(0, 0, 'red'), (1, 0, 'blue'), (0, 1, 'green')]",False
0.5,oa:gpt-3.5-turbo-1106,56,False,"[(0, 0, 'red'), (1, 0, 'blue'), (0, 1, 'green')]",False
0.5,oa:gpt-3.5-turbo-1106,57,False,"[(0, 0, 'red'), (1, 0, 'blue'), (0, 1, 'green')]",False
0.5,oa:gpt-3.5-turbo-1106,58,False,"[(0, 0, 'red'), (1, 0, 'blue'), (0, 1, 'green')]",False
0.5,oa:gpt-3.5-turbo-1106,59,False,"[(0, 0, 'red'), (1, 0, 'blue'), (0, 1, 'green')]",False
0.5,oa:gpt-3.5-turbo-1106,60,False,"[(0, 0, 'red'), (1, 0, 'blue'), (0, 1, 'yellow')]",False
0.5,oa:gpt-3.5-turbo-1106,61,False,"[(0, 0, 'red'), (1, 0, 'blue'), (0, 1, 'green')]",False
0.5,oa:gpt-3.5-turbo-1106,62,False,"[(0, 0, 'red'), (1, 0, 'blue'), (0, 1, 'green')]",False
0.5,oa:gpt-3.5-turbo-1106,63,False,"[(0, 0, 'red'), (1, 0, 'blue'), (0, 1, 'green')]",False
0.5,oa:gpt-3.5-turbo-1106,64,False,"[(0, 0, 'red'), (1, 0, 'blue'), (0, 1, 'green')]",False
0.5,oa:gpt-3.5-turbo-1106,65,False,"[(0, 0, 'red'), (1, 0, 'blue'), (0, 1, 'yellow')]",False
0.5,oa:gpt-3.5-turbo-1106,66,False,"[(0, 0, 'red'), (1, 0, 'blue'), (0, 1, 'yellow')]",False
0.5,oa:gpt-3.5-turbo-1106,67,False,"[(0, 0, 'red'), (1, 0, 'blue'), (0, 1, 'yellow')]",False
0.5,oa:gpt-3.5-turbo-1106,68,False,"[(0, 0, 'red'), (1, 0, 'blue'), (0, 1, 'green')]",False
0.5,oa:gpt-3.5-turbo-1106,69,False,"[(0, 0, 'red'), (1, 0, 'blue'), (0, 1, 'green')]",False
0.5,oa:gpt-3.5-turbo-1106,70,False,"[(0, 0, 'red'), (1, 0, 'blue'), (0, 1, 'green')]",False
0.5,oa:gpt-3.5-turbo-1106,71,False,"[(0, 0, 'red'), (1, 0, 'blue'), (2, 0, 'yellow')]",False
0.5,oa:gpt-3.5-turbo-1106,72,False,"[(0, 0, 'red'), (1, 0, 'blue'), (0, 1, 'green')]",False
0.5,oa:gpt-3.5-turbo-1106,73,False,"[(0, 0, 'red'), (1, 0, 'blue'), (0, 1, 'green')]",False
0.5,oa:gpt-3.5-turbo-1106,74,False,"[(0, 0, 'red'), (1, 0, 'blue'), (0, 1, 'yellow')]",False
0.5,oa:gpt-3.5-turbo-1106,75,False,"[(0, 0, 'red'), (1, 0, 'blue'), (0, 1, 'yellow')]",False
0.5,oa:gpt-3.5-turbo-1106,76,False,"[(0, 0, 'red'), (1, 0, 'blue'), (0, 1, 'yellow')]",False
0.5,oa:gpt-3.5-turbo-1106,77,False,"[(0, 0, 'red'), (1, 0, 'blue'), (0, 1, 'green')]",False
0.5,oa:gpt-3.5-turbo-1106,78,False,"[(0, 0, 'red'), (1, 0, 'blue'), (0, 1, 'green')]",False
0.5,oa:gpt-3.5-turbo-1106,79,False,"[(0, 0, 'red'), (1, 0, 'blue'), (0, 1, 'green')]",False
0.5,oa:gpt-3.5-turbo-1106,80,False,"[(0, 0, 'red'), (1, 0, 'blue'), (0, 1, 'green')]",False
0.5,oa:gpt-3.5-turbo-1106,81,False,"[(0, 0, 'red'), (1, 0, 'blue'), (0, 1, 'green')]",False
0.5,oa:gpt-3.5-turbo-1106,82,False,"[(0, 0, 'red'), (1, 0, 'blue'), (0, 1, 'green')]",False
0.5,oa:gpt-3.5-turbo-1106,83,False,"[(0, 0, 'red'), (1, 0, 'blue'), (0, 1, 'yellow')]",False
0.5,oa:gpt-3.5-turbo-1106,84,False,"[(0, 0, 'red'), (1, 0, 'blue'), (0, 1, 'green')]",False
0.5,oa:gpt-3.5-turbo-1106,85,False,"[(0, 0, 'red'), (1, 0, 'blue'), (2, 0, 'green')]",False
0.5,oa:gpt-3.5-turbo-1106,86,False,"[(0, 0, 'red'), (1, 0, 'blue'), (0, 1, 'green')]",False
0.5,oa:gpt-3.5-turbo-1106,87,False,"[(0, 0, 'red'), (1, 0, 'blue'), (2, 0, 'green')]",False
0.5,oa:gpt-3.5-turbo-1106,88,False,"[(0, 0, 'red'), (1, 0, 'blue'), (0, 1, 'green')]",False
0.5,oa:gpt-3.5-turbo-1106,89,False,"[(0, 0, 'red'), (1, 0, 'blue'), (0, 1, 'yellow')]",False
0.5,oa:gpt-3.5-turbo-1106,90,False,"[(0, 0, 'red'), (1, 0, 'blue'), (0, 1, 'green')]",False
0.5,oa:gpt-3.5-turbo-1106,91,False,"[(0, 0, 'red'), (1, 0, 'blue'), (0, 1, 'green')]",False
0.5,oa:gpt-3.5-turbo-1106,92,False,"[(0, 0, 'red'), (1, 0, 'blue'), (2, 0, 'yellow')]",False
0.5,oa:gpt-3.5-turbo-1106,93,False,"[(0, 0, 'red'), (1, 0, 'blue'), (0, 1, 'yellow')]",False
0.5,oa:gpt-3.5-turbo-1106,94,False,"[(0, 0, 'red'), (1, 0, 'blue'), (0, 1, 'yellow')]",False
0.5,oa:gpt-3.5-turbo-1106,95,False,"[(0, 0, 'red'), (1, 0, 'blue'), (0, 1, 'green')]",False
0.5,oa:gpt-3.5-turbo-1106,96,False,"[(0, 0, 'red'), (1, 0, 'blue'), (0, 1, 'green')]",False
0.5,oa:gpt-3.5-turbo-1106,97,False,"[(0, 0, 'red'), (1, 0, 'blue'), (0, 1, 'yellow')]",False
0.5,oa:gpt-3.5-turbo-1106,98,False,"[(0, 0, 'red'), (1, 0, 'blue'), (0, 1, 'green')]",False
0.5,oa:gpt-3.5-turbo-1106,99,False,"[(0, 0, 'red'), (1, 0, 'blue'), (0, 1, 'green')]",False
0.5,oa:gpt-3.5-turbo-1106,100,False,"[(0, 0, 'red'), (1, 0, 'blue'), (0, 1, 'red')]",False
1,oa:gpt-3.5-turbo-1106,1,False,"[(0, 0, 'red'), (1, 0, 'blue'), (0, 1, 'green')]",False
1,oa:gpt-3.5-turbo-1106,2,False,"[(0, 0, 'red'), (1, 0, 'blue'), (0, 1, 'yellow')]",False
1,oa:gpt-3.5-turbo-1106,3,False,"[(0, 0, 'red'), (1, 0, 'blue'), (0, 1, 'green')]",False
1,oa:gpt-3.5-turbo-1106,4,False,"[(0, 0, 'red'), (1, 0, 'blue'), (0, 1, 'yellow')]",False
1,oa:gpt-3.5-turbo-1106,5,False,"[(0, 0, 'red'), (1, 0, 'blue'), (0, 1, 'green')]",False
1,oa:gpt-3.5-turbo-1106,6,False,"[(0, 0, 'red'), (1, 0, 'blue'), (0, 1, 'green')]",False
1,oa:gpt-3.5-turbo-1106,7,False,"[(0, 0, 'red'), (1, 0, 'blue'), (0, 1, 'red')]",False
1,oa:gpt-3.5-turbo-1106,8,False,"[(0, 0, 'red'), (1, 0, 'blue'), (2, 0, 'yellow')]",False
1,oa:gpt-3.5-turbo-1106,9,False,"[(0, 0, 'red'), (1, 0, 'blue'), (0, 1, 'yellow')]",False
1,oa:gpt-3.5-turbo-1106,10,False,"[(0, 0, 'red'), (0, 1, 'blue'), (1, 1, 'green')]",False
1,oa:gpt-3.5-turbo-1106,11,False,"[(0, 0, 'red'), (1, 0, 'blue'), (0, 1, 'green')]",False
1,oa:gpt-3.5-turbo-1106,12,False,"[(0, 0, 'red'), (1, 0, 'blue'), (0, 1, 'green')]",False
1,oa:gpt-3.5-turbo-1106,13,False,"[(0, 0, 'red'), (2, 0, 'blue'), (1, 1, 'yellow')]",False
1,oa:gpt-3.5-turbo-1106,14,False,"[(0, 0, 'red'), (0, 1, 'blue'), (1, 0, 'green')]",False
1,oa:gpt-3.5-turbo-1106,15,False,"[(0, 0, 'red'), (1, 0, 'blue'), (0, 1, 'yellow')]",False
1,oa:gpt-3.5-turbo-1106,16,False,"[(0, 0, 'red'), (1, 0, 'blue'), (0, 1, 'yellow')]",False
1,oa:gpt-3.5-turbo-1106,17,False,"[(0, 0, 'red'), (1, 0, 'blue'), (0, 1, 'red')]",False
1,oa:gpt-3.5-turbo-1106,18,False,"[(0, 0, 'red'), (1, 0, 'blue'), (0, 1, 'green')]",False
1,oa:gpt-3.5-turbo-1106,19,False,"[(0, 0, 'red'), (1, 0, 'blue'), (0, 1, 'green')]",False
1,oa:gpt-3.5-turbo-1106,20,False,"[(0, 0, 'red'), (1, 0, 'blue'), (2, 0, 'green')]",False
1,oa:gpt-3.5-turbo-1106,21,False,"[(0, 0, 'red'), (1, 0, 'blue'), (0, 1, 'green')]",False
1,oa:gpt-3.5-turbo-1106,22,False,"[(0, 0, 'red'), (1, 0, 'blue'), (0, 1, 'green')]",False
1,oa:gpt-3.5-turbo-1106,23,False,"[(0, 0, 'red'), (1, 0, 'blue'), (0, 1, 'green')]",False
1,oa:gpt-3.5-turbo-1106,24,False,"[(0, 0, 'red'), (1, 0, 'blue'), (0, 1, 'yellow')]",False
1,oa:gpt-3.5-turbo-1106,25,False,"[(0, 0, 'red'), (1, 0, 'blue'), (0, 1, 'green')]",False
1,oa:gpt-3.5-turbo-1106,26,False,"[(0, 0, 'red'), (2, 0, 'blue'), (1, 1, 'yellow')]",False
1,oa:gpt-3.5-turbo-1106,27,False,"[(0, 0, 'red'), (1, 0, 'blue'), (2, 0, 'green')]",False
1,oa:gpt-3.5-turbo-1106,28,False,"[(0, 0, 'red'), (0, 1, 'blue'), (1, 1, 'red')]",False
1,oa:gpt-3.5-turbo-1106,29,False,"[(0, 0, 'red'), (0, 2, 'blue'), (2, 0, 'green')]",False
1,oa:gpt-3.5-turbo-1106,30,False,"[(0, 0, 'red'), (1, 0, 'blue'), (2, 0, 'green')]",False
1,oa:gpt-3.5-turbo-1106,31,False,"[(0, 0, 'red'), (1, 0, 'blue'), (0, 1, 'yellow')]",False
1,oa:gpt-3.5-turbo-1106,32,False,"[(0, 0, 'red'), (1, 0, 'blue'), (0, 1, 'green')]",False
1,oa:gpt-3.5-turbo-1106,33,False,"[(0, 0, 'red'), (1, 0, 'blue'), (0, 1, 'green')]",False
1,oa:gpt-3.5-turbo-1106,34,False,"[(0, 0, 'red'), (1, 0, 'blue'), (0, 1, 'yellow')]",False
1,oa:gpt-3.5-turbo-1106,35,False,"[(0, 0, 'red'), (1, 0, 'blue'), (0, 1, 'yellow')]",False
1,oa:gpt-3.5-turbo-1106,36,False,"[(0, 0, 'red'), (1, 0, 'blue'), (0, 1, 'green')]",False
1,oa:gpt-3.5-turbo-1106,37,False,"[(0, 0, 'red'), (1, 0, 'blue'), (0, 1, 'green')]",False
1,oa:gpt-3.5-turbo-1106,38,False,"[(0, 0, 'red'), (1, 0, 'blue'), (0, 1, 'yellow')]",False
1,oa:gpt-3.5-turbo-1106,39,False,"[(0, 0, 'red'), (1, 0, 'blue'), (0, 1, 'green')]",False
1,oa:gpt-3.5-turbo-1106,40,False,"[(0, 0, 'red'), (1, 0, 'blue'), (1, 1, 'yellow')]",False
1,oa:gpt-3.5-turbo-1106,41,False,"[(0, 0, 'red'), (1, 0, 'blue'), (0, 1, 'green')]",False
1,oa:gpt-3.5-turbo-1106,42,False,"[(0, 0, 'red'), (1, 0, 'blue'), (0, 1, 'green')]",False
1,oa:gpt-3.5-turbo-1106,43,False,"[(0, 0, 'red'), (1, 0, 'blue'), (0, 1, 'yellow')]",False
1,oa:gpt-3.5-turbo-1106,44,False,"[(0, 0, 'red'), (1, 0, 'blue'), (0, 1, 'green')]",False
1,oa:gpt-3.5-turbo-1106,45,False,"[(0, 0, 'red'), (1, 0, 'blue'), (0, 1, 'green')]",False
1,oa:gpt-3.5-turbo-1106,46,False,"[(0, 0, 'red'), (2, 0, 'blue'), (1, 1, 'yellow')]",False
1,oa:gpt-3.5-turbo-1106,47,False,"[(0, 0, 'red'), (1, 0, 'blue'), (2, 0, 'green')]",False
1,oa:gpt-3.5-turbo-1106,48,False,"[(0, 0, 'red'), (1, 0, 'blue'), (0, 1, 'green')]",False
1,oa:gpt-3.5-turbo-1106,49,False,"[(0, 0, 'red'), (1, 0, 'blue'), (0, 1, 'green')]",False
1,oa:gpt-3.5-turbo-1106,50,False,"[(0, 0, 'red'), (0, 1, 'blue'), (1, 1, 'red')]",False
1,oa:gpt-3.5-turbo-1106,51,False,"[(0, 0, 'red'), (2, 0, 'blue'), (1, 1, 'yellow')]",False
1,oa:gpt-3.5-turbo-1106,52,False,"[(0, 0, 'red'), (0, 1, 'blue'), (1, 1, 'red')]",False
1,oa:gpt-3.5-turbo-1106,53,False,"[(0, 0, 'red'), (1, 0, 'blue'), (0, 1, 'green')]",False
1,oa:gpt-3.5-turbo-1106,54,False,"[(0, 0, 'red'), (1, 0, 'blue'), (0, 1, 'green')]",False
1,oa:gpt-3.5-turbo-1106,55,False,"[(0, 0, 'red'), (1, 0, 'blue'), (1, 1, 'green')]",False
1,oa:gpt-3.5-turbo-1106,56,False,"[(0, 0, 'red'), (1, 0, 'blue'), (0, 1, 'green')]",False
1,oa:gpt-3.5-turbo-1106,57,False,"[(0, 0, 'red'), (1, 0, 'blue'), (0, 1, 'green')]",False
1,oa:gpt-3.5-turbo-1106,58,False,"[(0, 0, 'red'), (1, 0, 'blue'), (2, 0, 'green')]",False
1,oa:gpt-3.5-turbo-1106,59,False,"[(0, 0, 'red'), (1, 0, 'blue'), (2, 0, 'green')]",False
1,oa:gpt-3.5-turbo-1106,60,False,"[(0, 0, 'red'), (1, 0, 'blue'), (0, 1, 'yellow')]",False
1,oa:gpt-3.5-turbo-1106,61,False,"[(0, 0, 'red'), (1, 0, 'blue'), (0, 1, 'yellow')]",False
1,oa:gpt-3.5-turbo-1106,62,False,"[(0, 0, 'red'), (1, 0, 'blue'), (2, 0, 'yellow')]",False
1,oa:gpt-3.5-turbo-1106,63,False,"[(0, 0, 'red'), (1, 0, 'blue'), (1, 1, 'red')]",False
1,oa:gpt-3.5-turbo-1106,64,False,"[(0, 0, 'red'), (1, 0, 'blue'), (0, 1, 'yellow')]",False
1,oa:gpt-3.5-turbo-1106,65,False,"[(0, 0, 'red'), (1, 0, 'blue'), (0, 1, 'green')]",False
1,oa:gpt-3.5-turbo-1106,66,False,"[(0, 0, 'red'), (1, 0, 'blue'), (0, 1, 'green')]",False
1,oa:gpt-3.5-turbo-1106,67,False,"[(0, 0, 'red'), (1, 0, 'blue'), (2, 0, 'yellow')]",False
1,oa:gpt-3.5-turbo-1106,68,False,"[(0, 0, 'red'), (2, 0, 'blue'), (1, 1, 'yellow')]",False
1,oa:gpt-3.5-turbo-1106,69,False,"[(0, 0, 'red'), (1, 0, 'blue'), (0, 1, 'green')]",False
1,oa:gpt-3.5-turbo-1106,70,False,"[(0, 0, 'red'), (1, 0, 'blue'), (0, 1, 'yellow')]",False
1,oa:gpt-3.5-turbo-1106,71,False,"[(0, 0, 'red'), (1, 0, 'blue'), (2, 0, 'green')]",False
1,oa:gpt-3.5-turbo-1106,72,False,"[(0, 0, 'red'), (1, 0, 'blue'), (0, 1, 'yellow')]",False
1,oa:gpt-3.5-turbo-1106,73,False,"[(0, 0, 'red'), (1, 0, 'blue'), (0, 1, 'green')]",False
1,oa:gpt-3.5-turbo-1106,74,False,"[(0, 0, 'red'), (1, 0, 'blue'), (0, 1, 'yellow')]",False
1,oa:gpt-3.5-turbo-1106,75,False,"[(0, 0, 'red'), (0, 1, 'blue'), (1, 1, 'red')]",False
1,oa:gpt-3.5-turbo-1106,76,False,"[(0, 0, 'red'), (1, 0, 'blue'), (0, 1, 'green')]",False
1,oa:gpt-3.5-turbo-1106,77,False,"[(0, 0, 'red'), (1, 0, 'blue'), (0, 1, 'yellow')]",False
1,oa:gpt-3.5-turbo-1106,78,False,"[(0, 0, 'red'), (1, 0, 'blue'), (0, 1, 'yellow')]",False
1,oa:gpt-3.5-turbo-1106,79,False,"[(0, 0, 'red'), (1, 0, 'blue'), (0, 1, 'green')]",False
1,oa:gpt-3.5-turbo-1106,80,False,"[(0, 0, 'red'), (1, 0, 'blue'), (0, 1, 'green')]",False
1,oa:gpt-3.5-turbo-1106,81,False,"[(0, 0, 'red'), (1, 0, 'blue'), (0, 1, 'green')]",False
1,oa:gpt-3.5-turbo-1106,82,False,"[(0, 0, 'red'), (2, 0, 'blue'), (1, 1, 'yellow')]",False
1,oa:gpt-3.5-turbo-1106,83,False,"[(0, 0, 'red'), (1, 0, 'blue'), (0, 1, 'green')]",False
1,oa:gpt-3.5-turbo-1106,84,False,"[(0, 0, 'red'), (1, 0, 'blue'), (0, 1, 'yellow')]",False
1,oa:gpt-3.5-turbo-1106,85,False,"[(0, 0, 'red'), (1, 0, 'blue'), (0, 1, 'yellow')]",False
1,oa:gpt-3.5-turbo-1106,86,False,"[(0, 0, 'red'), (1, 0, 'blue'), (0, 1, 'yellow')]",False
1,oa:gpt-3.5-turbo-1106,87,False,"[(0, 0, 'red'), (1, 0, 'blue'), (0, 1, 'yellow')]",False
1,oa:gpt-3.5-turbo-1106,88,False,"[(0, 0, 'red'), (1, 0, 'blue'), (0, 1, 'green')]",False
1,oa:gpt-3.5-turbo-1106,89,False,"[(0, 0, 'red'), (1, 0, 'blue'), (0, 1, 'yellow')]",False
1,oa:gpt-3.5-turbo-1106,90,False,"[(0, 0, 'red'), (1, 0, 'blue'), (0, 1, 'yellow')]",False
1,oa:gpt-3.5-turbo-1106,91,False,"[(0, 0, 'red'), (2, 0, 'blue'), (1, 1, 'green')]",False
1,oa:gpt-3.5-turbo-1106,92,False,"[(0, 0, 'red'), (1, 0, 'blue'), (2, 0, 'yellow')]",False
1,oa:gpt-3.5-turbo-1106,93,False,"[(0, 0, 'red'), (1, 0, 'blue'), (0, 1, 'yellow')]",False
1,oa:gpt-3.5-turbo-1106,94,False,"[(0, 0, 'red'), (1, 0, 'blue'), (0, 1, 'green')]",False
1,oa:gpt-3.5-turbo-1106,95,False,"[(0, 0, 'red'), (1, 0, 'blue'), (2, 0, 'green')]",False
1,oa:gpt-3.5-turbo-1106,96,False,"[(0, 0, 'red'), (1, 0, 'blue'), (2, 0, 'yellow')]",False
1,oa:gpt-3.5-turbo-1106,97,False,"[(0, 0, 'red'), (1, 0, 'blue'), (1, 1, 'red')]",False
1,oa:gpt-3.5-turbo-1106,98,False,"[(0, 0, 'red'), (1, 0, 'blue'), (0, 1, 'green')]",False
1,oa:gpt-3.5-turbo-1106,99,False,"[(0, 0, 'red'), (1, 0, 'blue'), (2, 0, 'green')]",False
1,oa:gpt-3.5-turbo-1106,100,False,"[(0, 0, 'red'), (1, 0, 'blue'), (0, 1, 'green')]",False
1.5,oa:gpt-3.5-turbo-1106,1,False,"[(0, 0, 'red'), (1, 0, 'blue'), (0, 1, 'yellow')]",False
1.5,oa:gpt-3.5-turbo-1106,2,False,"[(0, 0, 'red'), (1, 0, 'blue'), (0, 1, 'green')]",False
1.5,oa:gpt-3.5-turbo-1106,3,False,"[(0, 0, 'red'), (0, 1, 'blue'), (1, 1, 'yellow')]",False
1.5,oa:gpt-3.5-turbo-1106,4,False,"[(0, 0, 'red'), (1, 0, 'blue'), (0, 1, 'yellow')]",False
1.5,oa:gpt-3.5-turbo-1106,5,False,"[(0, 0, 'red'), (1, 0, 'blue'), (1, 1, 'green')]",False
1.5,oa:gpt-3.5-turbo-1106,6,False,"[(0, 0, 'red'), (1, 0, 'blue'), (0, 1, 'green')]",False
1.5,oa:gpt-3.5-turbo-1106,7,False,"[(0, 0, 'red'), (1, 0, 'blue'), (2, 0, 'green')]",False
1.5,oa:gpt-3.5-turbo-1106,8,False,"[(0, 0, 'red'), (1, 0, 'green'), (2, 1, 'blue')]",False
1.5,oa:gpt-3.5-turbo-1106,9,False,"[(0, 0, 'red'), (1, 0, 'blue'), (0, 1, 'green')]",False
1.5,oa:gpt-3.5-turbo-1106,10,False,"[(0, 0, 'red'), (1, 0, 'green'), (0, 1, 'blue')]",False
1.5,oa:gpt-3.5-turbo-1106,11,False,"[(0, 0, 'red'), (1, 0, 'blue'), (0, 1, 'yellow')]",False
1.5,oa:gpt-3.5-turbo-1106,12,False,"[(0, 0, 'red'), (1, 0, 'blue'), (2, 0, 'green')]",False
1.5,oa:gpt-3.5-turbo-1106,13,False,"[(0, 0, 'red'), (2, 0, 'blue'), (1, 1, 'green')]",False
1.5,oa:gpt-3.5-turbo-1106,14,False,"[(0, 0, 'red'), (1, 0, 'blue'), (2, 0, 'yellow')]",False
1.5,oa:gpt-3.5-turbo-1106,15,False,"[(0, 0, 'red'), (1, 0, 'blue'), (0, 1, 'green')]",False
1.5,oa:gpt-3.5-turbo-1106,16,False,"[(0, 0, 'red'), (1, 0, 'blue'), (0, 1, 'yellow')]",False
1.5,oa:gpt-3.5-turbo-1106,17,False,"[(0, 0, 'red'), (2, 0, 'blue'), (1, 1, 'green')]",False
1.5,oa:gpt-3.5-turbo-1106,18,False,"[(0, 0, 'red'), (1, 0, 'blue'), (2, 0, 'green')]",False
1.5,oa:gpt-3.5-turbo-1106,19,False,"[(0, 0, 'blue'), (1, 0, 'red'), (0, 1, 'yellow')]",False
1.5,oa:gpt-3.5-turbo-1106,20,False,"[(0, 0, 'red'), (1, 0, 'blue'), (0, 1, 'green')]",False
1.5,oa:gpt-3.5-turbo-1106,21,False,"[(0, 0, 'red'), (1, 0, 'blue'), (2, 0, 'green')]",False
1.5,oa:gpt-3.5-turbo-1106,22,False,"[(0, 0, 'red'), (1, 0, 'blue'), (2, 0, 'green')]",False
1.5,oa:gpt-3.5-turbo-1106,23,False,"[(0, 0, 'red'), (2, 0, 'blue'), (1, 1, 'yellow')]",False
1.5,oa:gpt-3.5-turbo-1106,24,False,"[(0, 0, 'red'), (1, 0, 'blue'), (0, 1, 'green')]",False
1.5,oa:gpt-3.5-turbo-1106,25,False,"[(0, 0, 'red'), (1, 0, 'blue'), (0, 1, 'green')]",False
1.5,oa:gpt-3.5-turbo-1106,26,False,"[(0, 0, 'red'), (1, 0, 'blue'), (1, 1, 'red')]",False
1.5,oa:gpt-3.5-turbo-1106,27,False,"[(0, 0, 'red'), (1, 0, 'blue'), (2, 0, 'green')]",False
1.5,oa:gpt-3.5-turbo-1106,28,False,"[(0, 0, 'red'), (1, 0, 'blue'), (0, 1, 'yellow')]",False
1.5,oa:gpt-3.5-turbo-1106,29,False,"[(0, 0, 'yellow'), (1, 0, 'blue'), (1, 1, 'red')]",False
1.5,oa:gpt-3.5-turbo-1106,30,False,"[(0, 0, 'red'), (1, 0, 'blue'), (0, 1, 'yellow')]",False
1.5,oa:gpt-3.5-turbo-1106,31,False,"[(0, 0, 'red'), (1, 0, 'blue'), (0, 1, 'green')]",False
1.5,oa:gpt-3.5-turbo-1106,32,False,"[(0, 0, 'red'), (2, 0, 'blue'), (1, 1, 'yellow')]",False
1.5,oa:gpt-3.5-turbo-1106,33,False,"[(0, 0, 'red'), (1, 0, 'blue'), (2, 0, 'yellow')]",False
1.5,oa:gpt-3.5-turbo-1106,34,False,"[(0, 0, 'red'), (1, 0, 'blue'), (0, 1, 'green')]",False
1.5,oa:gpt-3.5-turbo-1106,35,False,"[(0, 0, 'red'), (1, 0, 'blue'), (1, 1, 'green')]",False
1.5,oa:gpt-3.5-turbo-1106,36,False,"[(0, 0, 'red'), (1, 0, 'blue'), (2, 0, 'green')]",False
1.5,oa:gpt-3.5-turbo-1106,37,False,"[(0, 0, 'red'), (1, 0, 'blue'), (2, 0, 'green')]",False
1.5,oa:gpt-3.5-turbo-1106,38,False,"[(0, 0, 'red'), (1, 0, 'blue'), (0, 1, 'green')]",False
1.5,oa:gpt-3.5-turbo-1106,39,False,"[(0, 0, 'red'), (1, 0, 'blue'), (2, 0, 'green')]",False
1.5,oa:gpt-3.5-turbo-1106,40,False,"[(0, 0, 'red'), (2, 0, 'blue'), (1, 1, 'yellow')]",False
1.5,oa:gpt-3.5-turbo-1106,41,False,"[(0, 0, 'red'), (1, 0, 'blue'), (0, 1, 'green')]",False
1.5,oa:gpt-3.5-turbo-1106,42,False,"[(0, 0, 'red'), (1, 0, 'blue'), (0, 1, 'yellow')]",False
1.5,oa:gpt-3.5-turbo-1106,43,False,"[(0, 0, 'red'), (1, 0, 'blue'), (2, 1, 'green')]",False
1.5,oa:gpt-3.5-turbo-1106,44,False,"[(0, 0, 'red'), (1, 0, 'blue'), (0, 1, 'green')]",False
1.5,oa:gpt-3.5-turbo-1106,45,False,"[(0, 0, 'red'), (1, 0, 'blue'), (0, 1, 'yellow')]",False
1.5,oa:gpt-3.5-turbo-1106,46,False,"[(1, 1, 'red'), (2, 1, 'blue'), (1, 2, 'green')]",False
1.5,oa:gpt-3.5-turbo-1106,47,False,"[(0, 0, 'blue'), (2, 0, 'red'), (1, 1, 'yellow')]",False
1.5,oa:gpt-3.5-turbo-1106,48,False,"[(-1, 0, 'red'), (0, 0, 'green'), (1, 0, 'blue')]",False
1.5,oa:gpt-3.5-turbo-1106,49,False,"[(0, 0, 'blue'), (2, 0, 'red'), (1, 1, 'green')]",False
1.5,oa:gpt-3.5-turbo-1106,50,False,"[(0, 0, 'red'), (1, 0, 'blue'), (0, 1, 'yellow')]",False
1.5,oa:gpt-3.5-turbo-1106,51,False,"[(0, 0, 'red'), (1, 0, 'blue'), (0, 1, 'green')]",False
1.5,oa:gpt-3.5-turbo-1106,52,False,"[(0, 0, 'red'), (1, 0, 'blue'), (0, 1, 'green')]",False
1.5,oa:gpt-3.5-turbo-1106,53,False,"[(0, 0, 'red'), (1, 0, 'green'), (0, 1, 'blue')]",False
1.5,oa:gpt-3.5-turbo-1106,54,False,"[(0, 0, 'red'), (1, 0, 'blue'), (0, 1, 'yellow')]",False
1.5,oa:gpt-3.5-turbo-1106,55,False,"[(0, 0, 'red'), (1, 0, 'blue'), (1, 1, 'green')]",False
1.5,oa:gpt-3.5-turbo-1106,56,False,"[(0, 0, 'red'), (1, 0, 'blue'), (0, 1, 'green')]",False
1.5,oa:gpt-3.5-turbo-1106,57,False,"[(0, 0, 'red'), (1, 1, 'blue'), (0, 1, 'green')]",False
1.5,oa:gpt-3.5-turbo-1106,58,False,"[(0, 0, 'red'), (0, 1, 'blue'), (1, 0, 'yellow')]",False
1.5,oa:gpt-3.5-turbo-1106,59,False,"[(0, 0, 'red'), (1, 0, 'blue'), (0, 1, 'yellow')]",False
1.5,oa:gpt-3.5-turbo-1106,60,False,"[(0, 0, 'red'), (1, 0, 'blue'), (2, 0, 'green')]",False
1.5,oa:gpt-3.5-turbo-1106,61,False,"[(0, 0, 'red'), (0, 1, 'blue'), (1, 1, 'yellow')]",False
1.5,oa:gpt-3.5-turbo-1106,62,False,"[(0, 0, 'red'), (1, 0, 'blue'), (2, 0, 'green')]",False
1.5,oa:gpt-3.5-turbo-1106,63,False,"[(0, 0, 'red'), (0, 0, 'blue')]",False
1.5,oa:gpt-3.5-turbo-1106,64,False,"[(0, 0, 'red'), (1, 0, 'blue'), (0, 1, 'green')]",False
1.5,oa:gpt-3.5-turbo-1106,65,False,"[(0, 0, 'red'), (2, 0, 'blue'), (1, 1, 'yellow')]",False
1.5,oa:gpt-3.5-turbo-1106,66,False,"[(0, 0, 'red'), (1, 0, 'blue'), (2, 0, 'yellow')]",False
1.5,oa:gpt-3.5-turbo-1106,67,False,"[(0, 0, 'red'), (1, 0, 'blue'), (0, 1, 'yellow')]",False
1.5,oa:gpt-3.5-turbo-1106,68,False,"[(0, 0, 'red'), (1, 0, 'green'), (2, 0, 'blue')]",False
1.5,oa:gpt-3.5-turbo-1106,69,False,"[(0, 0, 'red'), (1, 0, 'blue'), (0, 1, 'yellow')]",False
1.5,oa:gpt-3.5-turbo-1106,70,False,"[(0, 0, 'red'), (1, 0, 'blue'), (0, 1, 'yellow')]",False
1.5,oa:gpt-3.5-turbo-1106,71,False,"[(0, 0, 'red'), (0, 1, 'blue'), (1, 1, 'green')]",False
1.5,oa:gpt-3.5-turbo-1106,72,False,"[(0, 0, 'red'), (1, 0, 'blue'), (2, 0, 'green')]",False
1.5,oa:gpt-3.5-turbo-1106,73,False,"[(0, 0, 'red'), (0, 1, 'blue'), (1, 0, 'red')]",False
1.5,oa:gpt-3.5-turbo-1106,74,False,"[(0, 0, 'red'), (1, 0, 'blue'), (0, 1, 'yellow')]",False
1.5,oa:gpt-3.5-turbo-1106,75,False,"[(0, 0, 'blue'), (1, 0, 'red'), (0, 1, 'yellow')]",False
1.5,oa:gpt-3.5-turbo-1106,76,False,"[(0, 0, 'red'), (1, 0, 'blue'), (1, 1, 'green')]",False
1.5,oa:gpt-3.5-turbo-1106,77,False,"[(0, 0, 'blue'), (1, 0, 'red'), (0, 1, 'green')]",False
1.5,oa:gpt-3.5-turbo-1106,78,False,"[(0, 0, 'red'), (1, 0, 'blue'), (2, 0, 'green')]",False
1.5,oa:gpt-3.5-turbo-1106,79,False,"[(0, 0, 'red'), (1, 0, 'blue'), (0, 1, 'green')]",False
1.5,oa:gpt-3.5-turbo-1106,80,False,"[(0, 0, 'red'), (1, 0, 'blue'), (-1, 0, 'green')]",False
1.5,oa:gpt-3.5-turbo-1106,81,False,"[(0, 0, 'red'), (1, 0, 'blue'), (0, 1, 'green')]",False
1.5,oa:gpt-3.5-turbo-1106,82,False,"[(0, 0, 'red'), (1, 0, 'blue'), (0, 1, 'yellow')]",False
1.5,oa:gpt-3.5-turbo-1106,83,False,"[(0, 0, 'red'), (1, 0, 'blue'), (0, 1, 'green')]",False
1.5,oa:gpt-3.5-turbo-1106,84,False,"[(0, 0, 'red'), (1, 0, 'blue'), (0, 1, 'green')]",False
1.5,oa:gpt-3.5-turbo-1106,85,False,"[(0, 0, 'red'), (0, 1, 'blue'), (1, 1, 'red')]",False
1.5,oa:gpt-3.5-turbo-1106,86,False,"[(0, 0, 'red'), (1, 0, 'blue'), (0, 2, 'green')]",False
1.5,oa:gpt-3.5-turbo-1106,87,False,"[(0, 0, 'red'), (1, 0, 'blue'), (2, 0, 'yellow')]",False
1.5,oa:gpt-3.5-turbo-1106,88,False,"[(0, 0, 'red'), (1, 0, 'blue'), (0, 1, 'green')]",False
1.5,oa:gpt-3.5-turbo-1106,89,False,"[(0, 0, 'red'), (1, 0, 'blue'), (0, 1, 'green')]",False
1.5,oa:gpt-3.5-turbo-1106,90,False,"[(0, 0, 'red'), (1, 0, 'blue'), (0, 1, 'green')]",False
1.5,oa:gpt-3.5-turbo-1106,91,False,"[(0, 0, 'red'), (2, 0, 'blue'), (1, 2, 'yellow')]",False
1.5,oa:gpt-3.5-turbo-1106,92,False,"[(0, 0, 'red'), (2, 0, 'blue'), (1, 1, 'green')]",False
1.5,oa:gpt-3.5-turbo-1106,93,False,"[(0, 0, 'red'), (0, 1, 'blue'), (1, 1, 'green')]",False
1.5,oa:gpt-3.5-turbo-1106,94,False,"[(0, 0, 'red'), (1, 0, 'blue'), (2, 0, 'green')]",False
1.5,oa:gpt-3.5-turbo-1106,95,False,"[(0, 0, 'red'), (0, 2, 'blue'), (2, 2, 'yellow')]",False
1.5,oa:gpt-3.5-turbo-1106,96,False,"[(0, 0, 'red'), (1, 0, 'blue'), (0, 1, 'yellow')]",False
1.5,oa:gpt-3.5-turbo-1106,97,False,"[(0, 0, 'blue'), (1, 0, 'red'), (1, 1, 'yellow')]",False
1.5,oa:gpt-3.5-turbo-1106,98,False,"[(0, 0, 'red'), (1, 0, 'blue'), (2, 0, 'yellow')]",False
1.5,oa:gpt-3.5-turbo-1106,99,False,"[(0, 0, 'red'), (1, 0, 'blue'), (0, 1, 'green')]",False
1.5,oa:gpt-3.5-turbo-1106,100,False,"[(0, 0, 'red'), (2, 0, 'blue'), (1, 1, 'green')]",False
